"id";"annotator";"n_2";"n_3";"n_4_0";"n_4_1";"n_4_2";"n_4_3";"n_4_4";"n_4_5";"n_4_add_0";"n_4_add_1";"n_4_add_2";"n_4_add_3";"n_4_add_4";"n_4_add_5";"n_4_mark_0";"n_4_mark_1";"n_4_mark_2";"n_4_mark_3";"n_4_mark_4";"n_4_mark_5"
1;4;1;7;5;5;;;;;1;1;;;;;;"Verband  Undok,";;;;
1;2;2;0;;;;;;;;;;;;;;;;;;
101;4;1;0;;;;;;;;;;;;;;;;;;
130;4;1;0;;;;;;;;;;;;;;;;;;
130;2;1;2;222;9;211;;;;1;2;1;;;;"Stephan  E.";"Deutschlands  oberste  Strafverfolger  Staatsschutzsenat  des  Oberlandesgerichts  Frankfurt  Bundesanwaltschaft  Anwalt  Bundesanwaltschaft  Ermittlungsrichter  am  Bundesgerichtshof";"ermordeten  Kasseler  Regierungspräsidenten  Walter  Lübcke";;;
138;2;2;1;225;224;;;;;1;2;;;;;"Migrationsminister  Mitarakis,  Politiker  der  Regierungspartei  Nea  Dimokratia,";"EU-Länder";;;;
1;6;2;0;;;;;;;;;;;;;;;;;;
152;2;1;2;225;211;8;;;;1;1;2;;;;"libanesischen  Hisbollah";"Innenminister  Seehofer";"Polizisten  Sicherheitsbehörden";;;
1;3;1;7;1;;;;;;1;;;;;;"Oleksandr  K.";;;;;
167;2;1;1;1;;;;;;2;;;;;;"47  minderjährigen  Geflüchteten";;;;;
181;2;1;2;211;3;3;;;;1;1;1;;;;"Walter  Lübcke";;"Lübckes  Angehörigen  Familie:  Stephan  Ernst";;;
181;6;1;0;;;;;;;;;;;;;;;;;;
188;2;1;7;7;3;;;;;1;2;;;;;"Carsten  Brzeski,  Chefökonom  von  ING  Deutschland.";"die  Deutschen";;;;
202;6;1;99;1;;;;;;1;;;;;;"Alphonso  Davies  17-jähriger  Sohn  einer  geflüchteten  Familie";;;;;
214;2;2;0;;;;;;;;;;;;;;;;;;
230;2;2;0;;;;;;;;;;;;;;;;;;
243;4;2;1;1;224;5;223;;;2;2;1;1;;;"Geflüchteten  Flüchtlinge  Flüchtling  Geflüchtete";"Malta  Malta  Deutschlands  Griechenland  Deutschland  Griechenland  Deutschland  Griechenland  Griechenland";"juristischen  Nichtregierungsorganisation  Equal  Rights  Beyond  Borders  Equal  Rights  Beyond  Borders";"BAMF  Bundesamt  Das  Bundesamt  für  Migration  und  Flüchtlinge";;
255;2;2;0;;;;;;;;;;;;;;;;;;
274;4;2;0;;;;;;;;;;;;;;;;;;
288;2;2;0;;;;;;;;;;;;;;;;;;
294;2;2;0;;;;;;;;;;;;;;;;;;
304;2;1;9;1;2;;;;;2;2;;;;;"in  Ellwangen  Unterkunft  für  Migranten";"Innenministerium  Regierungspräsidium  Stuttgart";;;;
316;4;1;0;;;;;;;;;;;;;;;;;;
329;2;1;2;1;8;99;;;;1;2;99;;;;"Der  Eigentümer  habe  einen  Migrationshintergrund.";"Staatsschutz.  Polizeisprecherin.";"unbekannter  Täter";;;
335;2;1;2;3;211;;;;;1;1;;;;;"den  Deutschen  Tobias  R.";"hessische  Innenminister  Peter  Beuth  (CDU)";;;;
346;6;1;11;8;211;;;;;2;1;;;;;"Polizei  Polizeidienststellen";"Innenminister  Lorenz  Caffier  (CDU)  Caffier";;;;
361;2;1;1;1;224;224;224;;;2;1;1;1;;;"Flüchtlingen,";;;"Türkei  EU  Griechenland";;
374;4;1;1;1;223;224;;;;1;2;2;;;;"auf  Lesbos  festgehaltene  Migranten";"griechischen  Behörden";"Türkei";;;
387;4;1;0;;;;;;;;;;;;;;;;;;
394;2;1;8;1;225;225;225;;;2;1;1;1;;;"Flüchtlinge  Flüchtlingslagern";;;"die  USA  Wladimir  Putin  Die  türkische  Regierung  Recep  Tayyip  Erdogan  Donald  Trump,";;
405;2;2;0;;;;;;;;;;;;;;;;;;
417;2;2;9;1;;;;;;2;;;;;;"Flüchtlingskindern  Geflüchtete";;;;;
429;4;1;1;224;224;223;;;;2;2;2;;;;;"Griechenland  die  Türkei";"die  EU";;;
443;4;1;1;1;217;;;;;1;2;;;;;"47  minderjährige  Flüchtlinge";"Bundesinnenminister  Horst  Seehofer  Koalitionsausschuss";;;;
455;2;1;1;1;2;;;;;2;1;;;;;"minderjährigen  Flüchtlinge";"EU-Migrationskommissarin  Ylva  Johansson";;;;
468;4;1;1;5;1;223;;;;2;2;2;;;;"Helmut  Dedy,  Hauptgeschäftsführer  des  Deutschen  Städtetages,";"Migranten";"(EU).";;;
483;3;1;0;;;;;;;;;;;;;;;;;;
498;3;1;0;;;;;;;;;;;;;;;;;;
512;2;1;2;1;6;8;;;;1;2;2;;;;"Selimchan  B.";"tschetschenischer  Islamisten";"Polizisten";;;
1;1;;;;;;;;;;;;;;;;;;;;
524;1;;;;;;;;;;;;;;;;;;;;
525;6;1;2;211;1;;;;;1;2;;;;;"NRW-Innenminister  Herbert  Reul  (CDU)  Reul.";"Ausländer,  Zuwanderer";;;;
533;3;1;1;1;;;;;;2;;;;;;"Migranten";;;;;
551;3;1;1;1;;;;;;1;;;;;;"Migranten  und  Flüchtlinge";;;;;
566;2;2;1;1;9;;;;;2;2;;;;;"Migration";"Europäischen  Gerichtshofs  für  Menschenrechte";;;;
579;2;1;5;213;6;8;213;;;2;2;2;1;;;;"Islamischen  Gemeinschaft  Milli  Görüs";"Polizei";"Grünen-Stadtratsfraktion  Vorsitzende  der  Münchner  Grünen,  Gülseren  Demirel.";;
593;6;1;1;1;211;;;;;1;1;;;;;"Miri  kriminellen  Clan-Chefs  Ibrahim  Miri";"Mathias  Middelberg  (CDU),  Minister  Horst  Seehofer  (CSU)  innenpolitische  Sprecher  der  Unionsfraktion,";;;;
604;2;;;;;;;;;;;;;;;;;;;;
605;2;;;;;;;;;;;;;;;;;;;;
606;2;;;;;;;;;;;;;;;;;;;;
607;2;;;;;;;;;;;;;;;;;;;;
608;2;;;;;;;;;;;;;;;;;;;;
609;2;;;;;;;;;;;;;;;;;;;;
610;2;;;;;;;;;;;;;;;;;;;;
611;2;;;;;;;;;;;;;;;;;;;;
612;2;;;;;;;;;;;;;;;;;;;;
613;2;;;;;;;;;;;;;;;;;;;;
614;2;;;;;;;;;;;;;;;;;;;;
615;2;;;;;;;;;;;;;;;;;;;;
616;2;;;;;;;;;;;;;;;;;;;;
617;2;;;;;;;;;;;;;;;;;;;;
618;2;;;;;;;;;;;;;;;;;;;;
619;2;;;;;;;;;;;;;;;;;;;;
620;2;;;;;;;;;;;;;;;;;;;;
621;2;;;;;;;;;;;;;;;;;;;;
622;2;;;;;;;;;;;;;;;;;;;;
623;2;;;;;;;;;;;;;;;;;;;;
624;2;;;;;;;;;;;;;;;;;;;;
625;2;;;;;;;;;;;;;;;;;;;;
626;2;;;;;;;;;;;;;;;;;;;;
627;2;;;;;;;;;;;;;;;;;;;;
628;2;;;;;;;;;;;;;;;;;;;;
629;2;;;;;;;;;;;;;;;;;;;;
630;2;;;;;;;;;;;;;;;;;;;;
631;2;;;;;;;;;;;;;;;;;;;;
632;2;;;;;;;;;;;;;;;;;;;;
633;2;1;5;6;211;223;2;;;2;1;2;2;;;"Moscheegemeinden  muslimische  Gemeinden";"Vorsitzende  der  CDU  Haiger,  Sebastian  Pulfrich,";"Ausländerbeirat  der  hessischen  Kleinstadt  Haiger";"Politiker";;
646;4;1;0;;;;;;;;;;;;;;;;;;
647;4;;;;;;;;;;;;;;;;;;;;
648;4;;;;;;;;;;;;;;;;;;;;
649;4;;;;;;;;;;;;;;;;;;;;
650;4;;;;;;;;;;;;;;;;;;;;
651;4;;;;;;;;;;;;;;;;;;;;
652;4;;;;;;;;;;;;;;;;;;;;
653;4;;;;;;;;;;;;;;;;;;;;
654;4;;;;;;;;;;;;;;;;;;;;
655;4;;;;;;;;;;;;;;;;;;;;
656;4;;;;;;;;;;;;;;;;;;;;
657;4;;;;;;;;;;;;;;;;;;;;
658;4;;;;;;;;;;;;;;;;;;;;
659;4;;;;;;;;;;;;;;;;;;;;
660;4;;;;;;;;;;;;;;;;;;;;
661;4;;;;;;;;;;;;;;;;;;;;
662;4;1;1;1;7;;;;;1;2;;;;;"Migranten  aus  Afrika";"Sachverständigenrats  deutscher  Stiftungen  für  Integration  und  Migration  (SVR),";;;;
676;4;1;5;6;211;6;;;;2;1;2;;;;;"Philipp  Amthor";"Muslime  Juden";;;
687;4;1;1;211;212;214;;;;2;2;2;;;;"die  Union";"SPD";"Linken";;;
698;6;1;0;;;;;;;;;;;;;;;;;;
699;6;;;;;;;;;;;;;;;;;;;;
700;6;;;;;;;;;;;;;;;;;;;;
701;6;;;;;;;;;;;;;;;;;;;;
702;6;;;;;;;;;;;;;;;;;;;;
703;6;;;;;;;;;;;;;;;;;;;;
704;6;;;;;;;;;;;;;;;;;;;;
705;6;;;;;;;;;;;;;;;;;;;;
706;6;;;;;;;;;;;;;;;;;;;;
707;6;;;;;;;;;;;;;;;;;;;;
708;6;;;;;;;;;;;;;;;;;;;;
709;6;;;;;;;;;;;;;;;;;;;;
710;6;;;;;;;;;;;;;;;;;;;;
711;6;;;;;;;;;;;;;;;;;;;;
712;6;;;;;;;;;;;;;;;;;;;;
713;6;;;;;;;;;;;;;;;;;;;;
714;6;2;1;1;223;;;;;2;2;;;;;"Flüchtlinge  Zehntausende  Menschen";"Europäische  Union  Mitgliedstaaten";;;;
727;4;1;1;223;224;223;;;;2;2;2;;;;;"die  Türkei";"EU-Grenzschutzagentur  Frontex  EU";;;
744;6;1;2;1;225;225;;;;2;2;99;;;;"Flüchtlingen  900.000  Menschen";;"Assad-Regime,  Türkei,  türkische  Präsident  Recep  Tayyip  Assad-Regime";;;
760;2;1;1;1;224;9;223;;;2;2;2;2;;;"Asylsuchende";"osteuropäische  Länder";"Europäischen  Gerichtshofes";"Union,  Europäische";;
776;2;1;1;224;223;9;1;;;2;2;2;2;;;"Polen,  Ungarn  und  Tschechien";"EU";"Gerichtshofs  Europäischen";"Asylbewerber";;
788;6;2;1;223;224;1;;;;2;2;2;;;;"EuGH  Europäische  Gerichtshof  (EuGH)";"jener  EU-Staaten  Polen,  Ungarn  und  die  tschechische  Republik  drei";"Flüchtlinge  160.000  Asylbewerber";;;
799;4;1;0;;;;;;;;;;;;;;;;;;
800;4;;;;;;;;;;;;;;;;;;;;
801;4;;;;;;;;;;;;;;;;;;;;
802;4;;;;;;;;;;;;;;;;;;;;
803;4;;;;;;;;;;;;;;;;;;;;
804;4;;;;;;;;;;;;;;;;;;;;
805;4;;;;;;;;;;;;;;;;;;;;
806;4;;;;;;;;;;;;;;;;;;;;
807;4;2;0;;;;;;;;;;;;;;;;;;
808;4;;;;;;;;;;;;;;;;;;;;
809;4;;;;;;;;;;;;;;;;;;;;
810;4;;;;;;;;;;;;;;;;;;;;
811;4;;;;;;;;;;;;;;;;;;;;
812;4;;;;;;;;;;;;;;;;;;;;
813;4;;;;;;;;;;;;;;;;;;;;
814;4;;;;;;;;;;;;;;;;;;;;
815;4;;;;;;;;;;;;;;;;;;;;
816;4;;;;;;;;;;;;;;;;;;;;
817;4;;;;;;;;;;;;;;;;;;;;
818;2;1;10;223;111;;;;;2;1;;;;;"UN-Menschenrechtsausschuss,";"Mann  aus  Kiribati";;;;
832;4;1;0;;;;;;;;;;;;;;;;;;
833;4;;;;;;;;;;;;;;;;;;;;
834;4;;;;;;;;;;;;;;;;;;;;
835;4;;;;;;;;;;;;;;;;;;;;
836;4;;;;;;;;;;;;;;;;;;;;
837;4;;;;;;;;;;;;;;;;;;;;
838;4;;;;;;;;;;;;;;;;;;;;
839;4;;;;;;;;;;;;;;;;;;;;
840;4;;;;;;;;;;;;;;;;;;;;
841;4;;;;;;;;;;;;;;;;;;;;
842;4;;;;;;;;;;;;;;;;;;;;
843;4;;;;;;;;;;;;;;;;;;;;
844;4;;;;;;;;;;;;;;;;;;;;
845;4;;;;;;;;;;;;;;;;;;;;
846;4;;;;;;;;;;;;;;;;;;;;
847;4;1;0;;;;;;;;;;;;;;;;;;
848;4;;;;;;;;;;;;;;;;;;;;
849;4;;;;;;;;;;;;;;;;;;;;
850;4;;;;;;;;;;;;;;;;;;;;
851;4;;;;;;;;;;;;;;;;;;;;
852;4;;;;;;;;;;;;;;;;;;;;
853;4;;;;;;;;;;;;;;;;;;;;
854;4;;;;;;;;;;;;;;;;;;;;
855;4;;;;;;;;;;;;;;;;;;;;
856;4;;;;;;;;;;;;;;;;;;;;
857;4;;;;;;;;;;;;;;;;;;;;
858;4;;;;;;;;;;;;;;;;;;;;
859;4;1;0;;;;;;;;;;;;;;;;;;
860;4;;;;;;;;;;;;;;;;;;;;
861;4;;;;;;;;;;;;;;;;;;;;
862;4;;;;;;;;;;;;;;;;;;;;
863;4;;;;;;;;;;;;;;;;;;;;
864;4;;;;;;;;;;;;;;;;;;;;
865;4;;;;;;;;;;;;;;;;;;;;
866;4;;;;;;;;;;;;;;;;;;;;
867;4;;;;;;;;;;;;;;;;;;;;
868;4;;;;;;;;;;;;;;;;;;;;
869;4;;;;;;;;;;;;;;;;;;;;
870;4;;;;;;;;;;;;;;;;;;;;
871;6;2;0;;;;;;;;;;;;;;;;;;
872;6;;;;;;;;;;;;;;;;;;;;
873;6;;;;;;;;;;;;;;;;;;;;
874;6;;;;;;;;;;;;;;;;;;;;
875;6;;;;;;;;;;;;;;;;;;;;
876;6;;;;;;;;;;;;;;;;;;;;
877;6;;;;;;;;;;;;;;;;;;;;
878;6;;;;;;;;;;;;;;;;;;;;
879;6;;;;;;;;;;;;;;;;;;;;
880;6;;;;;;;;;;;;;;;;;;;;
881;6;;;;;;;;;;;;;;;;;;;;
882;6;;;;;;;;;;;;;;;;;;;;
883;6;;;;;;;;;;;;;;;;;;;;
884;6;1;7;1;7;7;;;;2;2;1;;;;"Flüchtlingen  Schutzsuchende";;"IAB.  Wido  Geis-Thöne,  Zuwanderungsexperte  beim  Institut  der  deutschen  Wirtschaft  (IW),  Geis-Thöne.  Instituts  für  Arbeitsmarkt-  und  Berufsforschung  (IAB)";;;
895;2;1;2;1;10;223;10;;;2;2;2;2;;;"Migranten";;"EU";"libysche  Küstenwache  Mission  „Irini“";;
906;2;1;2;223;225;223;10;1;224;2;2;2;2;2;2;;"Moskau  Russland";"EU  UN-Sicherheitsrat  UN-Waffenembargos";"Marinemission  „Sophia“  bewaffnete  Milizen.  Militärs";"Migranten";"Libyen."
920;2;;;;;;;;;;;;;;;;;;;;
921;2;;;;;;;;;;;;;;;;;;;;
922;2;;;;;;;;;;;;;;;;;;;;
923;2;;;;;;;;;;;;;;;;;;;;
924;2;;;;;;;;;;;;;;;;;;;;
925;2;;;;;;;;;;;;;;;;;;;;
926;2;;;;;;;;;;;;;;;;;;;;
927;2;;;;;;;;;;;;;;;;;;;;
928;2;;;;;;;;;;;;;;;;;;;;
929;2;;;;;;;;;;;;;;;;;;;;
930;2;;;;;;;;;;;;;;;;;;;;
931;2;;;;;;;;;;;;;;;;;;;;
932;2;;;;;;;;;;;;;;;;;;;;
933;2;1;5;211;211;6;222;;;1;1;2;2;;;;"Friedrich  Merz,  Philipp  Amthor";"muslimisch  geprägten  Kulturkreisen";"Rechtsextremismus";;
945;4;1;2;6;8;223;;;;1;1;2;;;;"Islamisten";"Spezialeinheiten  der  Polizei";"Sicherheitsbehörden";;;
959;4;1;1;223;224;217;;;;2;2;2;;;;"EU-Operation";"Libyen";"Deutschland";;;
972;2;2;11;211;4;;;;;1;1;;;;;"Angela  Merkel";"Robin  Alexander";;;;
986;4;1;0;;;;;;;;;;;;;;;;;;
987;4;;;;;;;;;;;;;;;;;;;;
988;4;;;;;;;;;;;;;;;;;;;;
989;4;;;;;;;;;;;;;;;;;;;;
990;4;;;;;;;;;;;;;;;;;;;;
991;4;;;;;;;;;;;;;;;;;;;;
992;4;;;;;;;;;;;;;;;;;;;;
993;4;;;;;;;;;;;;;;;;;;;;
994;4;;;;;;;;;;;;;;;;;;;;
995;4;;;;;;;;;;;;;;;;;;;;
996;4;;;;;;;;;;;;;;;;;;;;
997;4;;;;;;;;;;;;;;;;;;;;
998;4;;;;;;;;;;;;;;;;;;;;
999;4;1;99;7;3;4;;;;1;1;1;;;;"Klimaforscher  Hans  Joachim  Schellnhuber  Astrophysiker  Harald  Lesch.";"Oliver  Janisch  Xavier  Naidoo";"Jan  Böhmermann,  RTL";;;
1015;4;2;0;;;;;;;;;;;;;;;;;;
1016;4;;;;;;;;;;;;;;;;;;;;
1017;4;;;;;;;;;;;;;;;;;;;;
1018;4;;;;;;;;;;;;;;;;;;;;
1019;4;;;;;;;;;;;;;;;;;;;;
1020;4;1;2;225;225;224;;;;2;2;2;;;;;"AKP,  Recep  Tayyip  Erdogan  Russland  Wladimir  Putin";"Syrien.";;;
1031;2;;;;;;;;;;;;;;;;;;;;
1032;2;;;;;;;;;;;;;;;;;;;;
1033;2;;;;;;;;;;;;;;;;;;;;
1034;2;;;;;;;;;;;;;;;;;;;;
1035;2;;;;;;;;;;;;;;;;;;;;
1036;2;;;;;;;;;;;;;;;;;;;;
1037;2;;;;;;;;;;;;;;;;;;;;
1038;2;;;;;;;;;;;;;;;;;;;;
1039;2;;;;;;;;;;;;;;;;;;;;
1040;2;;;;;;;;;;;;;;;;;;;;
1041;2;;;;;;;;;;;;;;;;;;;;
1042;2;;;;;;;;;;;;;;;;;;;;
1043;2;;;;;;;;;;;;;;;;;;;;
1044;2;2;4;2;222;;;;;2;2;;;;;"Politik,";"Rechtsextremismus  und  Rechtsterrorismus";;;;
1052;2;1;11;4;;;;;;1;;;;;;"Anna  May  Wong";;;;;
1062;4;1;1;1;224;224;;;;1;2;2;;;;"zentralamerikanischer  Migranten";;"Mexiko  USA";;;
1075;4;1;0;;;;;;;;;;;;;;;;;;
1076;4;;;;;;;;;;;;;;;;;;;;
1077;4;;;;;;;;;;;;;;;;;;;;
1078;4;;;;;;;;;;;;;;;;;;;;
1079;4;;;;;;;;;;;;;;;;;;;;
1080;4;;;;;;;;;;;;;;;;;;;;
1081;4;;;;;;;;;;;;;;;;;;;;
1082;4;;;;;;;;;;;;;;;;;;;;
1083;4;;;;;;;;;;;;;;;;;;;;
1084;4;;;;;;;;;;;;;;;;;;;;
1085;4;;;;;;;;;;;;;;;;;;;;
1086;4;;;;;;;;;;;;;;;;;;;;
1087;4;;;;;;;;;;;;;;;;;;;;
1088;4;;;;;;;;;;;;;;;;;;;;
1089;4;;;;;;;;;;;;;;;;;;;;
1090;2;1;2;1;8;;;;;2;2;;;;;"Migranten";"Polizei";;;;
1104;6;1;1;1;224;224;;;;2;2;2;;;;"Asylbewerber  Doppelasylbewerber";;"Deutschland  EU-Staat  zuständigen  Staat  Deutschland";;;
1116;2;1;1;7;223;;;;;2;2;;;;;"Sachverständigenrat  deutscher  Stiftungen  für  Migration  (SVR)";"EU";;;;
1129;6;1;2;8;1;8;;;;1;1;2;;;;;"Tatverdächtige  Deutsche  mit  serbisch-montenegrinischem  Migrationshintergrund  29-Jährigen";"Ermittler  Polizei  28-jährigen  SEK-Beamten,  SEK-Beamten  Polizei";;;
1156;2;1;9;211;224;;;;;1;2;;;;;"Bundesentwicklungsminister  Geld  Müller  (CSU)";"Entwicklungsländern.";;;;
1158;4;;;;;;;;;;;;;;;;;;;;
1158;2;;;;;;;;;;;;;;;;;;;;
1207;6;2;5;10;224;212;;;;2;2;1;;;;"Hisbollah  schiitische  Miliz";"Staat  Israel,  Israel";"Berlins  Innensenator  Andreas  Geisel  (SPD)  Der  Senator";;;
1240;6;2;0;;;;;;;;;;;;;;;;;;
1241;6;;;;;;;;;;;;;;;;;;;;
1242;6;;;;;;;;;;;;;;;;;;;;
1243;6;;;;;;;;;;;;;;;;;;;;
1244;6;;;;;;;;;;;;;;;;;;;;
1245;6;;;;;;;;;;;;;;;;;;;;
1246;6;;;;;;;;;;;;;;;;;;;;
1247;6;;;;;;;;;;;;;;;;;;;;
1248;6;;;;;;;;;;;;;;;;;;;;
1249;6;;;;;;;;;;;;;;;;;;;;
1250;6;;;;;;;;;;;;;;;;;;;;
1251;6;;;;;;;;;;;;;;;;;;;;
1252;6;;;;;;;;;;;;;;;;;;;;
1253;6;;;;;;;;;;;;;;;;;;;;
1254;6;;;;;;;;;;;;;;;;;;;;
1255;6;;;;;;;;;;;;;;;;;;;;
1256;6;;;;;;;;;;;;;;;;;;;;
1257;6;;;;;;;;;;;;;;;;;;;;
1258;6;;;;;;;;;;;;;;;;;;;;
1259;6;;;;;;;;;;;;;;;;;;;;
1260;6;;;;;;;;;;;;;;;;;;;;
1261;6;;;;;;;;;;;;;;;;;;;;
1262;6;;;;;;;;;;;;;;;;;;;;
1263;6;;;;;;;;;;;;;;;;;;;;
1264;6;;;;;;;;;;;;;;;;;;;;
1265;6;;;;;;;;;;;;;;;;;;;;
1266;6;;;;;;;;;;;;;;;;;;;;
1267;6;;;;;;;;;;;;;;;;;;;;
1268;6;2;0;;;;;;;;;;;;;;;;;;
1269;6;;;;;;;;;;;;;;;;;;;;
1270;6;;;;;;;;;;;;;;;;;;;;
1271;6;;;;;;;;;;;;;;;;;;;;
1272;6;;;;;;;;;;;;;;;;;;;;
1273;6;;;;;;;;;;;;;;;;;;;;
1274;6;;;;;;;;;;;;;;;;;;;;
1275;6;;;;;;;;;;;;;;;;;;;;
1276;6;;;;;;;;;;;;;;;;;;;;
1277;6;;;;;;;;;;;;;;;;;;;;
1278;6;;;;;;;;;;;;;;;;;;;;
1279;6;;;;;;;;;;;;;;;;;;;;
1280;6;;;;;;;;;;;;;;;;;;;;
1281;6;;;;;;;;;;;;;;;;;;;;
1282;6;;;;;;;;;;;;;;;;;;;;
1283;6;;;;;;;;;;;;;;;;;;;;
1284;6;;;;;;;;;;;;;;;;;;;;
1285;6;;;;;;;;;;;;;;;;;;;;
1286;6;;;;;;;;;;;;;;;;;;;;
1287;6;;;;;;;;;;;;;;;;;;;;
1288;6;;;;;;;;;;;;;;;;;;;;
1289;6;;;;;;;;;;;;;;;;;;;;
1290;6;;;;;;;;;;;;;;;;;;;;
1291;6;;;;;;;;;;;;;;;;;;;;
1292;6;;;;;;;;;;;;;;;;;;;;
1293;6;;;;;;;;;;;;;;;;;;;;
1294;6;;;;;;;;;;;;;;;;;;;;
1295;6;;;;;;;;;;;;;;;;;;;;
1296;6;;;;;;;;;;;;;;;;;;;;
1297;6;;;;;;;;;;;;;;;;;;;;
1298;6;;;;;;;;;;;;;;;;;;;;
1299;6;;;;;;;;;;;;;;;;;;;;
1300;6;;;;;;;;;;;;;;;;;;;;
1301;6;;;;;;;;;;;;;;;;;;;;
1302;6;2;11;222;222;222;;;;2;1;1;;;;;;"junge  Studentin  politische  Aktivistin  Figur  Marie  Jäger  angelehnt  an  die  IB-Aktivistin  Melanie  Schmitz  Identitäre  Felix  Raue  eine  humorlos-neurotische  Karikatur  Bewegung  des  österreichischen  IB-Chefs  Martin  Sellner.  (IB).  er  „Junge  Bewegung“  (JB)";;;
1354;2;2;8;1;3;217;;;;2;2;2;;;;"Migranten";"Schülerinnen  und  Schüler";"Der  Staat";;;
1378;2;2;1;1;217;;;;;2;2;;;;;"47  „Kinder“  aus  griechischen  Flüchtlingslagern";"Kabinett  Merkel";;;;
1423;6;2;1;111;211;1;;;;2;1;2;;;;"Erntehelfer  ausländischen  Erntehelfern";"Landwirtschaftsministerin  Julia  Klöckner  Agrarministerin  Julia  Klöckner  Klöckner  (CDU)";"Asylbewerber  Migranten  illegalen  Migranten";;;
1473;4;2;11;4;4;216;;;;2;2;1;;;;;"Taz  COMPACT";"Höckes";;;
1488;4;2;99;2;213;217;;;;2;1;2;;;;"AfD";"Claudia  Roth";"Bundesregierung";;;
1498;6;;;;;;;;;;;;;;;;;;;;
1504;6;;;;;;;;;;;;;;;;;;;;
1507;6;;;;;;;;;;;;;;;;;;;;
1508;6;;;;;;;;;;;;;;;;;;;;
1509;6;;;;;;;;;;;;;;;;;;;;
1510;6;;;;;;;;;;;;;;;;;;;;
1515;6;;;;;;;;;;;;;;;;;;;;
1516;6;;;;;;;;;;;;;;;;;;;;
1529;4;2;99;2;4;7;;;;1;1;1;;;;"Rot-Rot-Grün  in  Berlin?";"Compact";"Mediziner  Michael  Spitzbart.";;;
1536;3;;;;;;;;;;;;;;;;;;;;
1537;3;;;;;;;;;;;;;;;;;;;;
1538;3;;;;;;;;;;;;;;;;;;;;
1539;3;;;;;;;;;;;;;;;;;;;;
1541;3;;;;;;;;;;;;;;;;;;;;
1545;3;2;1;1;5;214;;;;2;2;1;;;;"Asylwelle";"Refugee-welcome-Lobby";"Bodo  Ramelow";;;
1550;3;;;;;;;;;;;;;;;;;;;;
1556;6;;;;;;;;;;;;;;;;;;;;
1557;6;;;;;;;;;;;;;;;;;;;;
1558;6;;;;;;;;;;;;;;;;;;;;
1573;2;1;1;99;214;216;224;;;1;1;1;2;;;"mutmaßliche  Täter  Tobias  Rathjen,";"Fraktionschef  der  Linken";"AfD-Fraktionsvorsitzenden  Andreas  Kalbitz";"Türkei  Grenzen  zu  Griechenland";;
1574;2;;;;;;;;;;;;;;;;;;;;
1576;4;;;;;;;;;;;;;;;;;;;;
1577;6;;;;;;;;;;;;;;;;;;;;
1580;4;1;1;5;217;1;;;;2;1;1;;;;"„Mission  Lifeline“";"Bundesinnenministeriums.";"Migranten  aus  Griechenland";;;
1580;3;1;1;1;5;;;;;2;2;;;;;"Migranten";"„Mission  Lifeline“";;;;
1580;2;1;1;5;1;223;;;;2;2;2;;;;"Flüchtlingsorganisation  „Mission  Lifeline“";"Migranten";"Bundesinnenministeriums.";;;
1580;6;1;1;5;1;223;;;;2;2;2;;;;"Der  Flüchtlingsorganisation  Verein  „Mission  Lifeline“";"mehrere  dutzend  Migranten  rund  150  Personen";"Bundesinnenministerium  Bundesinnenministeriums.";;;
1591;4;2;1;212;5;217;;;;1;2;2;;;;"Potsdamer  Oberbürgermeister  Mike  Schubert  (SPD)";"Bündnisses  „Städte  Sicherer  Häfen“";"Bundesregierung";;;
1691;4;2;7;1;7;3;;;;2;1;2;;;;"Zuwanderer.";"Samy  Charchira";"gesellschaftlichen";;;
1791;2;1;1;1;211;217;223;223;7;2;1;2;2;2;1;"Migrationspolitik";"Horst  Seehofers";"GroKo";;"EU  Bundesinnenministeriums  (BMI)";"Bethäuser,"
1798;2;2;1;7;223;1;224;;;1;2;2;2;;;"Migrationsforscher  Gerald  Knaus";"EU";"Migranten";"Griechenland";;
1871;6;;;;;;;;;;;;;;;;;;;;
1875;6;1;1;223;223;1;;;;2;2;2;;;;;"EU-Weit  Deutschland  Europäischen  Union  EU-Kommission.  Bundesamt  für  Migration  und  Flüchtlinge  (Bamf)  Deutschland";"Antragsstellenden  Kinder,  Antragsteller";;;
1907;2;1;7;7;7;1;;;;1;1;2;;;;;"Arbeitsmarktforscher  Herbert  Brücker  Alexander  Kubis,  Arbeitsmarktforscher  am  IAB.";"Menschen  ohne  deutschen  Pass";;;
2007;6;1;8;1;5;225;;;;2;1;2;;;;"aus  der  Türkei.  Flüchtlinge,  Demonstranten  Flüchtlinge";"Sabine  Leutheusser-Schnarrenberger:  stellvertretende  Vorstandsvorsitzende  der  Friedrich-Naumann-Stiftung,  Sabine  Leutheusser-Schnarrenberger,";"Bürgermeister  der  Inselhauptstadt  Mytilini  Lokalpolitiker";;;
2107;2;1;1;1;223;224;7;;;2;2;2;1;;;"Migranten";"Europäischen  Union";"afrikanischen  Land";"Jochen  Oltmer  Migrationsforscher";;
2139;2;1;2;222;222;;;;;2;1;;;;;;"rechtsextremen,  terroristischen  Vereinigung  ""Gruppe  S.""  Tony  E.  Werner  S.'s  Thorsten  W.";;;;
2170;2;1;2;1;9;;;;;1;2;;;;;"Amine  J.,  Mann  aus  Tunesien";"Staatsanwaltschaft  Verteidigers";;;;
2267;2;1;1;5;223;7;;;;2;2;1;;;;"(UNHCR)  ProAsyl  ""Neustart  im  Team""";"EU  EU-Staaten  EU-Botschaft  EU-Außenminister";"Jochen  Oltmer,  Migrationsforscher";;;
2367;2;1;1;223;5;7;;;;2;2;1;;;;"Europäische  Union  Marinemission";"UNHCR,  (IOM),  NGOs";"Matteo  Villa,  Migrationsforscher  Jochen  Oltmer,  Migrationsforscher";;;
2467;4;1;1;225;225;224;;;;2;2;2;;;;;"der  türkische  Präsident  Recep  Tayyip  Erdogan  EU";"Griechenland";;;
2567;4;2;11;4;;;;;;2;;;;;;"Fiktionale  Unterhaltungsformate  Amazon-Prime-Reihe  über  Hunters  oder  besser  ARD-Tatort  „gegen  Rechts“  zdf  neo";;;;;
2589;6;;;;;;;;;;;;;;;;;;;;
2598;4;2;99;223;220;3;;;;2;2;1;;;;"Verfassungsschutz";"„Flügel“  IB  IfS  Institut  für  Staatspolitik  AfD";"Der  Staatsrechtler  Dietrich  Murswiek";;;
2639;4;1;1;212;99;;;;;2;2;;;;;"SPD";"Unbekannte";;;;
2644;4;1;1;1;8;;;;;2;2;;;;;"Asylbewerber";"Die  griechische  Polizei";;;;
2649;4;2;0;;;;;;;;;;;;;;;;;;
2650;4;;;;;;;;;;;;;;;;;;;;
2651;4;;;;;;;;;;;;;;;;;;;;
2652;4;;;;;;;;;;;;;;;;;;;;
2653;4;;;;;;;;;;;;;;;;;;;;
2654;4;;;;;;;;;;;;;;;;;;;;
2655;4;;;;;;;;;;;;;;;;;;;;
2656;4;;;;;;;;;;;;;;;;;;;;
2657;4;;;;;;;;;;;;;;;;;;;;
2658;4;;;;;;;;;;;;;;;;;;;;
2659;4;;;;;;;;;;;;;;;;;;;;
2660;4;1;0;;;;;;;;;;;;;;;;;;
2661;4;;;;;;;;;;;;;;;;;;;;
2662;4;;;;;;;;;;;;;;;;;;;;
2663;4;;;;;;;;;;;;;;;;;;;;
2664;4;;;;;;;;;;;;;;;;;;;;
2665;4;;;;;;;;;;;;;;;;;;;;
2666;4;;;;;;;;;;;;;;;;;;;;
2667;4;;;;;;;;;;;;;;;;;;;;
2668;4;;;;;;;;;;;;;;;;;;;;
2669;4;;;;;;;;;;;;;;;;;;;;
2670;4;;;;;;;;;;;;;;;;;;;;
2671;4;;;;;;;;;;;;;;;;;;;;
2672;4;;;;;;;;;;;;;;;;;;;;
2673;4;;;;;;;;;;;;;;;;;;;;
2674;4;;;;;;;;;;;;;;;;;;;;
2675;4;;;;;;;;;;;;;;;;;;;;
2676;4;;;;;;;;;;;;;;;;;;;;
2677;4;1;2;1;213;;;;;2;1;;;;;"randalierende  Asylsuchende";"Bremens  Sozialsenatorin  Anja  Stahmann  (Grüne)";;;;
2693;4;1;7;1;223;;;;;2;2;;;;;"Einwanderer";"deutschen  Auslandsvertretungen";;;;
2714;2;1;9;225;224;;;;;2;2;;;;;"türkische  Regierung";"Griechenland";;;;
2727;2;1;1;5;;;;;;2;;;;;;"Alan  Kurdi  Organisation  Sea-Eye  Flüchtlingshilfsorganisation  „Alarm  Phone“";;;;;
2739;2;1;1;225;1;224;;;;1;2;2;;;;"griechische  Migrationsminister  Notis  Mitarachi";"tausende  Einwanderer";"Luxemburg  sieben  weitere  EU-Staaten,  darunter  auch  Deutschland,";;;
2753;2;1;1;224;223;9;;;;2;2;2;;;;"Ungarn,  Polen  und  Tschechien";"EU";"Gericht";;;
2772;2;1;7;211;223;111;;;;1;2;2;;;;"EU-Kommissionspräsidentin  Julia  Klöckner  (CDU)  Ursula  von  der  Leyen  (CDU)";"EU-Mitgliedstaaten  EU-Kommission";"Landwirtschaftliche  Saisonarbeiter";;;
2788;4;2;1;1;2;5;;;;2;2;1;;;;"Asylsuchenden";"SCHWERIN.  Landesregierung";"Mitarbeiter  des  Malteser  Werkes";;;
2800;6;2;8;4;1;217;;;;2;2;2;;;;"ARD-Studio  großen  Nachrichtenagenturen  und  Fernsehsendern  Journalisten";"Kinder  minderjährigen  Flüchtlingen";"Kabinett  Merkel  Bundesregierung  Politiker";;;
2826;2;;;;;;;;;;;;;;;;;;;;
2827;2;;;;;;;;;;;;;;;;;;;;
2828;2;;;;;;;;;;;;;;;;;;;;
2829;2;;;;;;;;;;;;;;;;;;;;
2830;2;;;;;;;;;;;;;;;;;;;;
2831;2;;;;;;;;;;;;;;;;;;;;
2832;2;;;;;;;;;;;;;;;;;;;;
2833;2;;;;;;;;;;;;;;;;;;;;
2834;2;;;;;;;;;;;;;;;;;;;;
2835;2;;;;;;;;;;;;;;;;;;;;
2836;2;;;;;;;;;;;;;;;;;;;;
2837;2;;;;;;;;;;;;;;;;;;;;
2838;2;;;;;;;;;;;;;;;;;;;;
2839;2;;;;;;;;;;;;;;;;;;;;
2840;2;;;;;;;;;;;;;;;;;;;;
2841;2;;;;;;;;;;;;;;;;;;;;
2842;2;;;;;;;;;;;;;;;;;;;;
2843;2;;;;;;;;;;;;;;;;;;;;
2844;2;;;;;;;;;;;;;;;;;;;;
2845;2;;;;;;;;;;;;;;;;;;;;
2846;2;;;;;;;;;;;;;;;;;;;;
2847;2;;;;;;;;;;;;;;;;;;;;
2848;2;;;;;;;;;;;;;;;;;;;;
2849;2;;;;;;;;;;;;;;;;;;;;
2850;2;;;;;;;;;;;;;;;;;;;;
2851;2;;;;;;;;;;;;;;;;;;;;
2852;2;;;;;;;;;;;;;;;;;;;;
2853;2;;;;;;;;;;;;;;;;;;;;
2854;2;;;;;;;;;;;;;;;;;;;;
2855;2;;;;;;;;;;;;;;;;;;;;
2856;2;;;;;;;;;;;;;;;;;;;;
2857;2;;;;;;;;;;;;;;;;;;;;
2858;2;;;;;;;;;;;;;;;;;;;;
2859;2;;;;;;;;;;;;;;;;;;;;
2860;2;;;;;;;;;;;;;;;;;;;;
2861;2;2;1;3;224;;;;;2;2;;;;;"Die  Deutschen";"Italiener,";;;;
2878;4;2;0;;;;;;;;;;;;;;;;;;
2879;4;;;;;;;;;;;;;;;;;;;;
2880;4;;;;;;;;;;;;;;;;;;;;
2881;4;;;;;;;;;;;;;;;;;;;;
2882;4;;;;;;;;;;;;;;;;;;;;
2883;4;;;;;;;;;;;;;;;;;;;;
2884;4;;;;;;;;;;;;;;;;;;;;
2885;4;;;;;;;;;;;;;;;;;;;;
2886;4;;;;;;;;;;;;;;;;;;;;
2887;4;;;;;;;;;;;;;;;;;;;;
2888;4;;;;;;;;;;;;;;;;;;;;
2889;4;;;;;;;;;;;;;;;;;;;;
2890;4;;;;;;;;;;;;;;;;;;;;
2891;4;;;;;;;;;;;;;;;;;;;;
2892;4;;;;;;;;;;;;;;;;;;;;
2893;4;;;;;;;;;;;;;;;;;;;;
2894;4;;;;;;;;;;;;;;;;;;;;
2895;4;;;;;;;;;;;;;;;;;;;;
2896;4;;;;;;;;;;;;;;;;;;;;
2897;4;2;99;224;223;1;;;;2;2;2;;;;"Albanien  und  Nordmazedonien  anderen  Länder  der  Region  Kosovo,  Bosnien-Herzegowina,  Serbien  und  Montenegro.";"EU  EU-Europaminister";"der  Armen,  Frustrierten  und  Perspektivlosen  Hunderttausende  Zigeuner  vom  Volke  der  Roma";;;
2921;6;;;;;;;;;;;;;;;;;;;;
2923;6;2;0;;;;;;;;;;;;;;;;;;
2924;6;;;;;;;;;;;;;;;;;;;;
2925;6;;;;;;;;;;;;;;;;;;;;
2926;6;;;;;;;;;;;;;;;;;;;;
2927;6;;;;;;;;;;;;;;;;;;;;
2928;6;;;;;;;;;;;;;;;;;;;;
2929;6;;;;;;;;;;;;;;;;;;;;
2930;6;;;;;;;;;;;;;;;;;;;;
2931;6;;;;;;;;;;;;;;;;;;;;
2932;6;;;;;;;;;;;;;;;;;;;;
2933;6;;;;;;;;;;;;;;;;;;;;
2934;6;;;;;;;;;;;;;;;;;;;;
2935;6;;;;;;;;;;;;;;;;;;;;
2936;6;;;;;;;;;;;;;;;;;;;;
2937;6;;;;;;;;;;;;;;;;;;;;
2938;6;;;;;;;;;;;;;;;;;;;;
2939;6;;;;;;;;;;;;;;;;;;;;
2940;6;;;;;;;;;;;;;;;;;;;;
2941;6;;;;;;;;;;;;;;;;;;;;
2942;6;2;2;212;221;212;;;;1;2;1;;;;;"linksextremistischen  Internetportal  linksextremen  Täter  Täter";"Helge,  Lindh  SPD-Haßexpertin  Sawsan  Chebli  Sawsan  Chebli  Helge  Lindh.  Wuppertaler  SPD-Bundestagsabgeordneten";;;
2946;6;;;;;;;;;;;;;;;;;;;;
2967;2;2;1;212;217;;;;;1;2;;;;;"Berlins  Innensenator  Andreas  Geisel  (SPD)";"Regierung";;;;
2969;6;;;;;;;;;;;;;;;;;;;;
2994;6;2;0;;;;;;;;;;;;;;;;;;
2995;6;;;;;;;;;;;;;;;;;;;;
2996;6;;;;;;;;;;;;;;;;;;;;
2997;6;;;;;;;;;;;;;;;;;;;;
2998;6;;;;;;;;;;;;;;;;;;;;
2999;6;;;;;;;;;;;;;;;;;;;;
3000;6;;;;;;;;;;;;;;;;;;;;
3001;6;;;;;;;;;;;;;;;;;;;;
3002;6;;;;;;;;;;;;;;;;;;;;
3003;6;;;;;;;;;;;;;;;;;;;;
3004;6;;;;;;;;;;;;;;;;;;;;
3005;6;;;;;;;;;;;;;;;;;;;;
3006;6;;;;;;;;;;;;;;;;;;;;
3007;6;;;;;;;;;;;;;;;;;;;;
3008;6;;;;;;;;;;;;;;;;;;;;
3009;6;;;;;;;;;;;;;;;;;;;;
3010;6;;;;;;;;;;;;;;;;;;;;
3011;6;;;;;;;;;;;;;;;;;;;;
3012;6;;;;;;;;;;;;;;;;;;;;
3013;6;1;5;6;224;6;;;;2;2;1;;;;;"Westen  Westen";"Christen  syrisch-katholische  Patriarch  Ignatius  Joseph  III.  des  Younan  sie  Nahen  Ostens  Christen  in  Nahost  Ignatius  Joseph  III.  Younan:";;;
3013;2;2;5;6;;;;;;1;;;;;;"syrisch-katholische  Patriarch  Ignatius  Joseph  III.";;;;;
3016;6;;;;;;;;;;;;;;;;;;;;
3023;2;2;1;211;;;;;;1;;;;;;"Salahdin  Koban";;;;;
3044;2;2;1;225;3;224;;;;1;2;2;;;;"griechische  EU-Abgeordnete  Evdoxia  Kaili";"Deutschland";"Türkei";;;
3054;2;;;;;;;;;;;;;;;;;;;;
3055;2;;;;;;;;;;;;;;;;;;;;
3056;2;;;;;;;;;;;;;;;;;;;;
3057;2;;;;;;;;;;;;;;;;;;;;
3058;2;;;;;;;;;;;;;;;;;;;;
3059;2;;;;;;;;;;;;;;;;;;;;
3060;2;;;;;;;;;;;;;;;;;;;;
3061;2;;;;;;;;;;;;;;;;;;;;
3062;2;;;;;;;;;;;;;;;;;;;;
3063;2;;;;;;;;;;;;;;;;;;;;
3064;2;;;;;;;;;;;;;;;;;;;;
3065;2;;;;;;;;;;;;;;;;;;;;
3066;2;;;;;;;;;;;;;;;;;;;;
3067;2;;;;;;;;;;;;;;;;;;;;
3068;2;1;1;225;223;;;;;2;2;;;;;"FPÖ.";"EU";;;;
3073;2;2;11;219;220;4;;;;2;2;2;;;;"„Gutmenschen“  grün-linkes";"„Nazi-Ecke“  „Wutbürger“,";"Medien";;;
3084;6;2;1;225;4;1;;;;1;1;2;;;;"türkischen  Ministerpräsidenten  Recep  Tayyip  Erdoğan  Erdoğans";"Hinrich  Rohbohm.  JUNGE  FREIHEIT  Hinrich  Rohbohm  Marco  Pino";"Massenmigration,  Migranten";;;
3089;6;2;1;4;4;213;;;;1;1;1;;;;;"Comedian  Frank  Plasberg  Schroeder  Plasberg  Florian  Schroeder,";"Katrin  Göring-Eckardt  grüne  Fraktionsvorsitzende.";;;
3102;4;1;11;4;7;;;;;2;1;;;;;"„Anne  Will“  und  „hart  aber  Macher  der  Talkshows  fair“  der  Talkshows  im  öffentlich-rechtlichen  Rundfunks  Formaten  Talkshow-Macher  wie";"Islamwissenschaftler  und  Journalist  Fabian  Goldmann";;;;
3114;2;1;4;4;211;;;;;1;1;;;;;"Xavier  Naidoo";"Integrationsbeauftragte  der  Bundesregierung,  Annette  Widmann-Mauz  (CDU),";;;;
3128;4;2;99;4;4;4;;;;1;1;2;;;;;;"Naidoo.  mich  RTL,  Anabel  Schunke,";;;
3142;4;1;1;213;5;224;;;;1;2;2;;;;"Der  Sprecher  der  Grünen-Fraktion  im  Europaparlament,  Sven  Giegold,";"der  Regensburger  Verein.  Regensburger  Vereins  „United4Rescue“.";"Italien";;;
3179;4;1;2;1;;;;;;2;;;;;;"Migranten  Asylbewerber  Bewohnern  des  Asylheims";;;;;
3202;6;1;8;2;223;1;;;;1;2;2;;;;"Landrätin  des  sie  Ilm-Kreises,  Petra  Enders  (parteilos),";"Suhler  Erstaufnahmeeinrichtung  Suhler  Einrichtung  Suhler  Unterkunft";"Asylbewerber  Männer.  Männer";;;
3209;6;1;8;5;1;3;;;;1;2;2;;;;"die  ehemalige  Stasi-IM  Vorsitzende  der  Amadeu-Antonio-Stiftung,  sie  Anetta  Kahane,  Kahane";"Asylbewerber  „Flüchtlingsunterkünfte  Kinder";"Deutsche.  „wir“  und  „die“.  Menschen  „Volksdeutschen“";;;
3230;4;1;2;1;8;;;;;2;2;;;;;"Asylbewerber  Asylbewerber  Gruppe  von  30  zumeist  jungen  Männern  aus  Georgien  und  den  Maghreb-Staaten  Asylbewerber  Asylbewerber  Asylbewerber";"Polizei  Polizisten";;;;
3252;6;1;2;1;8;;;;;2;2;;;;;"Bewohner  Asylbewerber";"Sicherheitskräften  Polizei  Leiter  der  Landespolizeiinspektion,";;;;
3252;4;1;2;1;8;;;;;2;2;;;;;"Bewohnern  Afghanen,  Bewohner  Asylbewerber  einem  Asylbewerber  500  Personen  Bewohnern  Bewohner";"Polizei  Leiter  der  Landespolizeiinspektion,  Wolfgang  Nicolai,";;;;
3262;6;1;7;211;211;111;;;;1;1;2;;;;;"Bundesinnenminister  Klöckner  Horst  Seehofer  (CSU)  Seehofer  Bundeslandwirtschaftsministerin  Julia  Klöckner  (CDU)";"Saisonarbeitern  Saisonarbeiter";;;
3281;2;1;2;211;223;;;;;1;2;;;;;"Horst  Seehofer  (CDU)";"Bundesinnenministeriums";;;;
3299;4;1;1;1;225;3;;;;2;2;2;;;;"Asylbewerber,";"Italien  Italiens  Regierung";"Deutschland";;;
3314;4;1;2;222;9;8;;;;2;2;2;;;;"mutmaßliche  Rechtsextremisten";"Bundesanwaltschaft  Generalbundesanwalt";"Razzia  Polizisten  Razzia  Razzia";;;
3340;3;;;;;;;;;;;;;;;;;;;;
3344;3;;;;;;;;;;;;;;;;;;;;
3347;3;;;;;;;;;;;;;;;;;;;;
3349;3;1;99;221;;;;;;2;;;;;;"linksextreme  Gruppen";;;;;
3369;2;1;1;1;223;3;;;;2;2;2;;;;"Ausländer";"Statistische  Landesamt  Bundesamt  für  Migration";"Bundesland.";;;
3385;2;1;8;223;3;1;;;;2;2;2;;;;"EU";"Deutschland,";"Migranten";;;
3400;6;1;5;211;6;8;;;;1;2;2;;;;"Integrationsstaatsministerin  Annette  Widmann-Mauz  (CDU)  Sie  Widmann-Mauz";"Moslems  in  Deutschland  Mitglieder";"Polizei  und  Ordungsamt  Behörden  Polizei";;;
3412;6;;;;;;;;;;;;;;;;;;;;
3422;6;2;5;225;6;;;;;1;2;;;;;"Republik,  Macron  Präsident  Präsidenten  der";"muslimische  Bevölkerungsteil  Islam  Bewohnern  Muslime";;;;
3428;4;1;0;;;;;;;;;;;;;;;;;;
3429;4;;;;;;;;;;;;;;;;;;;;
3430;4;;;;;;;;;;;;;;;;;;;;
3431;4;;;;;;;;;;;;;;;;;;;;
3432;4;;;;;;;;;;;;;;;;;;;;
3433;4;;;;;;;;;;;;;;;;;;;;
3434;4;;;;;;;;;;;;;;;;;;;;
3435;4;;;;;;;;;;;;;;;;;;;;
3436;4;;;;;;;;;;;;;;;;;;;;
3437;4;;;;;;;;;;;;;;;;;;;;
3438;4;;;;;;;;;;;;;;;;;;;;
3439;4;;;;;;;;;;;;;;;;;;;;
3440;4;;;;;;;;;;;;;;;;;;;;
3441;4;;;;;;;;;;;;;;;;;;;;
3442;4;;;;;;;;;;;;;;;;;;;;
3443;4;;;;;;;;;;;;;;;;;;;;
3444;4;;;;;;;;;;;;;;;;;;;;
3445;4;;;;;;;;;;;;;;;;;;;;
3446;4;;;;;;;;;;;;;;;;;;;;
3447;4;;;;;;;;;;;;;;;;;;;;
3448;4;;;;;;;;;;;;;;;;;;;;
3449;4;;;;;;;;;;;;;;;;;;;;
3450;4;;;;;;;;;;;;;;;;;;;;
3451;4;;;;;;;;;;;;;;;;;;;;
3452;4;;;;;;;;;;;;;;;;;;;;
3453;4;;;;;;;;;;;;;;;;;;;;
3454;4;;;;;;;;;;;;;;;;;;;;
3455;4;;;;;;;;;;;;;;;;;;;;
3456;4;;;;;;;;;;;;;;;;;;;;
3457;4;;;;;;;;;;;;;;;;;;;;
3458;4;1;0;;;;;;;;;;;;;;;;;;
3459;4;;;;;;;;;;;;;;;;;;;;
3460;4;;;;;;;;;;;;;;;;;;;;
3461;4;;;;;;;;;;;;;;;;;;;;
3462;4;;;;;;;;;;;;;;;;;;;;
3463;4;;;;;;;;;;;;;;;;;;;;
3464;4;;;;;;;;;;;;;;;;;;;;
3465;4;;;;;;;;;;;;;;;;;;;;
3466;4;;;;;;;;;;;;;;;;;;;;
3467;4;;;;;;;;;;;;;;;;;;;;
3468;4;;;;;;;;;;;;;;;;;;;;
3469;4;;;;;;;;;;;;;;;;;;;;
3470;4;;;;;;;;;;;;;;;;;;;;
3471;4;;;;;;;;;;;;;;;;;;;;
3472;4;;;;;;;;;;;;;;;;;;;;
3473;4;;;;;;;;;;;;;;;;;;;;
3474;4;;;;;;;;;;;;;;;;;;;;
3475;4;;;;;;;;;;;;;;;;;;;;
3476;4;;;;;;;;;;;;;;;;;;;;
3477;4;;;;;;;;;;;;;;;;;;;;
3478;4;;;;;;;;;;;;;;;;;;;;
3479;4;;;;;;;;;;;;;;;;;;;;
3480;4;;;;;;;;;;;;;;;;;;;;
3481;4;;;;;;;;;;;;;;;;;;;;
3482;4;;;;;;;;;;;;;;;;;;;;
3483;4;;;;;;;;;;;;;;;;;;;;
3484;4;1;99;213;;;;;;1;;;;;;"Joschka  Fischer  (Grüne)";;;;;
3517;2;1;1;213;217;1;;;;1;2;2;;;;"Grünen-Chef  Robert  Habeck";"Bundesregierung";"Flüchtlingslager  Evakuierung";;;
3546;2;;;;;;;;;;;;;;;;;;;;
3547;2;;;;;;;;;;;;;;;;;;;;
3548;2;;;;;;;;;;;;;;;;;;;;
3549;2;;;;;;;;;;;;;;;;;;;;
3550;2;;;;;;;;;;;;;;;;;;;;
3551;2;;;;;;;;;;;;;;;;;;;;
3552;2;;;;;;;;;;;;;;;;;;;;
3553;2;;;;;;;;;;;;;;;;;;;;
3554;2;;;;;;;;;;;;;;;;;;;;
3555;2;;;;;;;;;;;;;;;;;;;;
3556;2;;;;;;;;;;;;;;;;;;;;
3557;2;;;;;;;;;;;;;;;;;;;;
3558;6;1;8;214;1;213;;;;2;2;1;;;;"rot-rot-grüne  rot-rot-grüne  Minderheitsregierung  Koalition  Minderheitsregierung";"Flüchtlinge  Frauen,  Schwangere  und  ältere  Menschen  unbegleitete  Kinder  und  Jugendliche";"Adams  Migrationsminister  Dirk  Adams  (Grüne)  Adams.";;;
3590;2;1;1;223;224;;;;;2;2;;;;;"europäische  Grenzschutzagentur  EU  Frontex";"Türkei";;;;
3615;3;;;;;;;;;;;;;;;;;;;;
3679;4;1;3;9;223;9;;;;2;2;2;;;;;"Bremer  Außenstelle  des  Bundesamts  für  Migration  und  Flüchtlinge  (Bamf)  Bremer  Bamf-Außenstelle  frühere  Amtsleiterin  und  zwei  Rechtsanwälte  den  Beschuldigten";"Das  Landgericht  Bremen  Gerichtssprecher  Gunnar  Isenberg  Die  Richter  Staatsanwaltschaft  Bremen  Die  Staatsanwälte";;;
3742;4;1;1;1;7;224;;;;2;2;2;;;;"potenzielle  Zuwanderer.  Rückkehrer  afrikanischen  Migranten,  Geflüchteten  aus  Drittstaaten  gerettete  Menschen  potenziellen  Zuwanderern  Migrantinnen  Migranten";"Sachverständigenrat  SVR  SVR-Experten  deutscher  die  Forscher  Experten  SVR  Stiftungen  für  Sachverständigenrats  Integration  und  Migration  (SVR)";"Herkunftsländer.  afrikanischen  Herkunftsländern";;;
3842;6;2;8;6;111;1;;;;1;2;2;;;;"Evangelios  Karapanagiotis  Laien-Priester  Er";"Menschen.  Bewohner";"Flüchtlingen,  Menschen  Flüchtlingen";;;
3929;3;;;;;;;;;;;;;;;;;;;;
3942;3;1;1;223;;;;;;2;;;;;;"EU-Staaten  EU-Kommission.";;;;;
3948;3;;;;;;;;;;;;;;;;;;;;
3949;3;;;;;;;;;;;;;;;;;;;;
4042;6;2;2;1;4;10;;;;2;2;1;;;;"Flüchtlinge,  Inhaftierte  Geflüchteten";"ZEIT  ONLINE  ZEIT  ONLINE";"General  Khalifa  Haftar  Haftars  Haftar";;;
4133;4;;;;;;;;;;;;;;;;;;;;
4142;4;1;1;211;212;5;;;;2;1;2;;;;"Volker  Kauder  stellvertretenden  Fraktionsvorsitzenden,  Kulturstaatsministerin  Monika  Grütters  Integrationsbeauftragten  Annette  Widmann-Mauz  Abgeordneten  50  Unionsabgeordneten  Ex-Unionsfraktionschef";"SPD-Chefin  Saskia  Esken  Esken";"Pro  Asyl  Geschäftsführer  Günter  Burkhardt.";;;
4230;4;1;1;224;223;9;;;;2;2;2;;;;"Polen,  Ungarn  Länder  Ungarn  Tschechien  Ungarn,  Polen  Polen,  Ungarn  Tschechien  Die  Ungarn  drei";"EU-Kommission  EU-Kommissionspräsidentin  Ursula  von  der  Leyen.  EU-Kommission  EU-Kommission";"EuGH  zuständige  Generalanwältin  EuGH  Gericht  Gerichtshof  EuGH  des  Europäischen  EuGH  Gerichtshofs  (EuGH).  EuGH";;;
4328;3;;;;;;;;;;;;;;;;;;;;
4329;3;;;;;;;;;;;;;;;;;;;;
4330;3;2;0;;;;;;;;;;;;;;;;;;
4341;3;;;;;;;;;;;;;;;;;;;;
4342;3;;;;;;;;;;;;;;;;;;;;
4343;3;;;;;;;;;;;;;;;;;;;;
4344;3;;;;;;;;;;;;;;;;;;;;
4345;3;;;;;;;;;;;;;;;;;;;;
4346;3;;;;;;;;;;;;;;;;;;;;
4347;3;;;;;;;;;;;;;;;;;;;;
4348;3;;;;;;;;;;;;;;;;;;;;
4349;3;;;;;;;;;;;;;;;;;;;;
4350;3;;;;;;;;;;;;;;;;;;;;
4351;3;;;;;;;;;;;;;;;;;;;;
4352;3;;;;;;;;;;;;;;;;;;;;
4353;3;;;;;;;;;;;;;;;;;;;;
4354;3;;;;;;;;;;;;;;;;;;;;
4355;3;;;;;;;;;;;;;;;;;;;;
4356;3;;;;;;;;;;;;;;;;;;;;
4386;3;1;1;223;1;;;;;2;2;;;;;"Die  EU";"Migranten";;;;
4418;3;;;;;;;;;;;;;;;;;;;;
4422;3;;;;;;;;;;;;;;;;;;;;
4455;2;2;9;1;223;;;;;2;2;;;;;"Flüchtlingslager  Moria,";"Europas  Staats-  und  Regierungschefs";;;;
4460;6;2;2;1;1;224;;;;2;1;2;;;;;"Afghanen. Als  afghanische  Flüchtlinge  in  der  Mahdi  Sultani  er  afghanische  Flüchtlinge.";"Türkei.  Türkei.";;;
4560;6;1;2;5;224;1;;;;2;2;2;;;;"Rettungsschiff  ""Open  Arms""  spanischen  Hilfsorganisation  ""Proactiva  Open  Arms""";"Sizilien  Italien  italienische  Regierung";"mehr  als  360  Menschen  363  Migranten,  Geretteten";;;
4627;6;2;11;211;225;1;;;;1;1;2;;;;"Ex-Verfassungsschutzchef  Maaßen.  Hans-Georg  Maaßen";"ungarischen  Regierungschefs  Viktor  Orban,  Präsidenten  Orban";"Flüchtende  und  Migranten.  Menschen";;;
4713;2;2;7;1;99;;;;;1;1;;;;;"Mohamed  Alabdullah";"Firmenchefin  Claudia  Sturm.";;;;
4862;6;1;2;1;223;223;;;;2;1;1;;;;"Menschen  Zivilisten  Kinder,";;"Heusgen  UN-Sprecher.  Mark  Lowcock empfiehlt  deutsche  UN-Botschafter  Christoph Heusgen  UN-Nothilfekoordinator";;;
4925;2;1;2;1;225;1;;;;1;2;2;;;;;"Assads  Truppen  syrischen  Regierungstruppen";"Idlib  Flüchtlingen.  Mohammed  Kader";;;
4998;3;1;1;1;224;224;223;211;225;2;2;2;2;1;1;"Migranten";;"Griechenland,  Türkei";"Europäische  Union";"Norbert  Röttgen";"Erdogan-Entscheidung"
5141;2;1;1;6;5;217;;;;2;2;2;;;;"Kirchen";"Hilfsorganisationen";"Parlamentarier  Abgeordneten.";;;
5231;3;1;1;1;2;212;;;;2;2;1;;;;"Flüchtlingskindern";"Sieben  Oberbürgermeister";"Pistorius";;;
5232;3;1;1;1;217;;;;;2;2;;;;;"Flüchtlinge";"Koalition";;;;
5242;2;;;;;;;;;;;;;;;;;;;;
5365;2;1;1;223;225;1;;;;2;2;2;;;;"EU  EU-Innenkommissarin  Ylva  Johansson";"Mitarakis:  Griechenland";"1600  Kinder  und  andere  gefährdete  Flüchtlinge  aus  griechischen  Lagern";;;
5377;2;1;1;223;223;1;;;;2;2;2;;;;;"Bundesinnenministeriums  UNHCR.";"Flüchtlingslagern  Minderjährige";;;
5393;2;1;1;1;217;5;;;;2;2;2;;;;"Abdullahs  Sohn  Omid";"Bundesinnenministerium.";"Viele  Organisationen";;;
167;1;1;0;;;;;;;;;;;;;;;;;;
374;1;2;8;1;;;;;;99;;;;;;"bleiben.  nicht";;;;;
374;2;1;1;223;223;224;;;;1;2;2;;;;;;;;;
1691;2;1;1;3;7;1;;;;2;2;2;;;;;;;;;
2693;2;1;1;1;223;;;;;2;2;;;;;;;;;;
