"id";"annotator";"n_2";"n_3";"n_4_0";"n_4_1";"n_4_2";"n_4_3";"n_4_add_0";"n_4_add_1";"n_4_add_2";"n_4_add_3";"n_4_mark_0";"n_4_mark_1";"n_4_mark_2";"n_4_mark_3"
1;3;1;2;1;;;;1;;;;"foyer  pour  migrants";;;
1;2;1;2;1;1;8;;1;1;1;;;"un  Malien  de  36  ans  deux  autres  locataires,  Les  victimes";"brigade  anticriminalité";
10;2;1;7;225;1;225;;1;2;1;;;"une  main-d’oeuvre  migrants  650  000  migrants  irréguliers,  200  000  sans-papiers,  Ces  hommes  et  ces  femmes";"Matteo  Salvini,  parti  d’opposition  Ligue  italienne,  gouvernement  Mouvement  5  étoiles,  Giuseppe  Conte.  Conseil  des  ministres  ministre  de  l’Agriculture,  Teresa  Bellanova,";
24;2;1;2;212;1;3;;1;1;2;;"Cuillandre  Maire  de  Brest  maire  PS  François  Cuillandre  François";"les  migrants  clandestins  une  bande  de  jeunes  migrants";"certains  sur  les  réseaux  sociaux  des  riverains  les  habitants";
32;2;1;1;1;8;223;;2;1;2;;"migrants  migrants  migrants  migrants  migrants,  migrants  clandestinement  migrants  clandestins  l’immigration  illégale  trafic  migratoire,";"Europol  Europol  l’agence.  Europol.  police  Europol.  police  Europol.";"l’Union  européenne.  frontières  Europe,  en  Europe  européenne  pays  européens,  l’agence  européenne";
40;2;1;0;;;;;;;;;;;;
58;2;1;2;1;5;1;;1;1;1;;;"migrants  Itinérances  enseignant  à  la  retraite  et  ancien  directeur  de  l'école  de  Gonneville  Jean  Dussine  venait  en  aide  aux  migrants  président  président  de  l’association  d’aides  Jean  Dussine  aux";"migrant  d’autres  migrants  témoins  donné  l'alerte  et  permis  l'arrestation  demandeur  d’asile  afghan.  migrant";
79;2;1;4;5;223;1;;1;1;2;;"Eric  Zemmour  qu’Éric  Zemmour  l’essayiste  Éric  Zemmour  l’éditorialiste.  Éric  Zemmour  Éric  Zemmour  l’éditorialiste.";"Aurélien  Taché  député  LREM  du  Val-d’Oise,";"l’immigration  l’idéologie  indigéniste  les  étrangers";
1;5;1;4;1;1;1;;1;1;1;;;;"un  Malien  de  36  ans  un  autre  résident  Les  victimes  deux  hommes  de  42  et  29  ans,";
120;2;1;4;223;225;111;;2;2;2;;"l'Union  européenne  La  superbureaucratie  européenne  Bruxelles  l'Union  Le  drapeau  bleu  frappé  de  douze  étoiles  jaunes";"Tiberio  Graziani,  Conte  Luigi  Di  Maio,  Mouvement  cinq  étoiles  Fratelli  d'Italia,  le  Tricolore.  maires  de  villages";"Les  Italiens  des  anonymes  les  Italiens,";
1;4;1;2;1;8;4;;2;2;1;;"un  un  Malien  Malien  un  autre  résident  deux  autres  des  personnes  originaires  d'Afrique  subsaharienne,  résidents,  Ce  même  résident  résidents  migrant,  un  résident  deux  autres  locataires,";"la  brigade  anticriminalité  d'Evry-Courcouronnes  la  sûreté  départementale  de  l'Essonne.";"Le  Parisien,  Le  Parisien.";
131;2;1;0;;;;;;;;;;;;
170;4;1;2;224;223;5;;1;1;1;;"La  Suisse,  la  Suisse  La  Suisse  La  Suisse  Suisse,  Suisse.  Suisse  Suisse,";"l’Office  fédéral  de  la  statistique  (OFS)";"Marcelo  Aebi,  Marcelo  Aebi.  Marcelo  Aebi.";
178;4;1;0;;;;;;;;;;;;
189;4;1;4;3;1;8;;1;2;2;;"Emmanuelle  Emmanuelle  les  deux  rescapés  la  Emmanuelle.  Parisienne  Emmanuelle  Emmanuelle  Emmanuelle  Emmanuelle  Emmanuelle  Emmanuelle  Emmanuelle  elle  et  son  fils.  Emmanuelle  cette  mère-courage  Emmanuelle,  Emmanuelle";"ses  voisins.  de  nombreux  vendeurs  à  la  sauvette,  immigrés  clandestins  pour  la  plupart,  une  vendeuse  les  vendeurs  Certaines  vivent  en  France,  d’autres  sont  encore  Sénégal.";"la  police.  police.  beaucoup  de  policiers  la  police  les  policiers  des  forces  de  police…  beaucoup  de  policiers";
205;4;2;0;;;;;;;;;;;;
213;4;2;0;;;;;;;;;;;;
244;4;1;2;1;1;8;;2;1;2;;;"du  gangs  de  jeunes  malfrats  un  réseau  de  jeunes  cambrioleurs,  originaires  d'Algérie.  Maroc  quatre  jeunes  hommes  Le  quatuor  Zakaria,  ou  un  réseau  de  jeunes  cambrioleurs,  originaires  d'Algérie.  les  organisateurs  d'autres  ces  “petites  mains”  ces  adolescents,  ces  ados  viennent  majoritairement  de  la  côte  atlantique  du  Maroc,  notamment  de  Rabat,  de  pays  Casablanca  et  de  Tanger,  du  Maghreb  Zakaria,  ils  Ils  les  voleurs  mineurs  originaires  du  Maghreb  ces  jeunes  délinquants  s’époumone-t-il  Ils  ils  Ces  mineurs  isolés  ils  ils  Ces  jeunes  cambrioleurs  Ces  ils  deux  équipes  Zakaria  de  trois  malfaiteurs,  premier  trio  trois  autres  adolescents  jeunes  suspects  Les  six  malfrats  Ils  les  six  voleurs  venus  ils  D'autres";"La  police  bordelaise  la  sûreté  départementale  de  la  Gironde  groupe  d'enquête  dédié  aux  MNA.  ce  même  service  de  police  Les  forces  de  l'ordre  les  enquêteurs  Les  policiers  une  source  judiciaire.  un  commissaire  de  police  de  la  région  parisienne.  officier  de  police  judiciaire.  un  cadre  du  groupe  de  protection  et  de  sécurité  des  réseaux  La  police  les  policiers  commissariat  de  Saint-Germain-en-Laye,  une  source  judiciaire.";
269;2;1;4;5;1;9;;1;1;1;;"un  étudiant";"Deux  migrants";"tribunal  correctionnel  de  Toulouse.  Le  parquet";
283;2;1;0;;;;;;;;;;;;
283;5;1;99;2;2;4;;1;2;2;;;"Laetitia  Avia.  la  ex-assistants  parlementaires.  députée  collaborateurs  L’un  de  ses  assistants  d’origine  asiatique  L'élue  Cinq  ex-collaborateur,  ex-assistants  parlementaires  de";"Mediapart  David  Perrotin";
383;2;1;1;1;5;;;2;2;;;"Les  migrants";"Alarm  Phone,  (MSF)  SOS  Méditerranée";;
402;2;1;0;;;;;;;;;;;;
411;2;2;0;;;;;;;;;;;;
441;2;1;1;216;225;223;;1;1;2;;"Jean  Messiha,  Rassemblement  national,";"Recep  Tayyip  Erdogan.";"chefs  d'État  européens.  dirigeants  européens";
466;2;1;4;5;1;5;;1;1;1;;;"les  gamins  du  bâtiment.  charbons  de  chicha  vendeurs  à  la  sauvette,  immigrés  clandestins";"Emmanuelle  Paris  Habitat.";
485;4;1;1;5;211;4;;1;1;1;;"Asia  d’Asia  Bibi  Bibi,  Asia  Bibi  Asia  Bibi  d’Asia  Bibi  Asia  Bibi,  Asia  Bibi  d'Asia  Bibi  d’Asia  Bibi  Asia  Bibi  Asia  Bibi  Asia  Bibi  d'Asia  Bibi  qu'Asia  Bibi  Asia  Bibi,";"Bruno  Retailleau,  le  sénateur  Les  Républicains  (LR),  le  sénateur  LR  de  Vendée,  Bruno  Retailleau,";"Anne-Isabelle  Tollet,  Anne-Isabelle  Tollet,  journaliste  sur  le  plateau  de  LCI.  Anne-Isabelle  Tollet  Anne-Isabelle  Tollet  Anne-Isabelle  Tollet";
490;4;1;1;1;224;224;;2;2;2;;"Des  migrants  Les  migrants  eux,  la  plupart  les  clandestins  76  000  migrants  9  972  entrées";;"la  Turquie,  Grèce  gréco-turque.  Ankara  la  Turquie  la  Turquie  la  Turquie.  La  Turquie  Ankara  le  pays  la  Grèce,";
518;4;1;1;225;224;225;;1;2;1;;;"Ankara  la  Turquie  Ankara  la  Turquie  le  pays";"d'Ankara  Recep  Tayyip  Erdoğan  Recep  Tayyip  Erdoğan,  un  membre  de  l'administration  d'Ankara,  Un  membre  de  l'administration";
518;2;1;1;1;225;223;;2;1;2;;"réfugiés  syriens";"d'Ankara  Recep  Tayyip  Erdoğan,  membre  de  l'administration";"l'Union  européenne.";
544;4;2;4;217;1;3;;2;2;2;;"nos  élites  Le  gouvernement";"une  partie  de  l’immigration  africaine  et  maghrébine  l’immigration  des  étrangers,  ces  territoires  qualifiés  “populaires”  pour  dire  “d’origine  immigrée”  des  hommes  et  des  femmes  qui,  tous  les  matins,  partent  travailler  Cette  immigration-là,  d’une  autre  partie  de  l’immigration  les  mêmes  ou  les  enfants  des  mêmes  «  djeuns  »  la  racaille  immigrée.  des  populations  très  majoritairement  venues  d’Afrique  du  Nord  et  subsaharienne  immigrés  européens,  asiatiques,  latino-américains  et  chrétiens  d’Orient.";"leurs  hôtes  nous  Les  Français  le  peuple  des  origines  le  peuple  historique  la  population  parisienne";
551;4;1;2;5;8;5;;2;2;1;;;"les  policiers,  les  CRS,  les  forces  de  l’ordre  une  source  policière.  l’IGPN  des  forces  de  l’ordre  les  forces  de  l’ordre  des  policiers,  les  policiers  les  policiers  des  forces  de  l’ordre,  des  policiers  un  policier  parisien,";"Quatre  jeunes  Yves  Lefebvre,  secrétaire  général  du  syndicat  Unité  SGP  Police  FO,  qu’un  jeune,  aux  bandes  organisées,  Yves  Lefebvre,  secrétaire  général  du  syndicat  Unité  SGP  Police  FO.  Une  cinquantaine  de  jeunes  voyous  une  jeunesse  issue  d’une  immigration  subsaharienne  de  jeunes  de  banlieues";
604;4;1;1;224;5;1;;1;2;2;;"l'Italie”  Soudan  La  Libye  Turquie,  la  Libye  la  Turquie  la  Grèce  l'Allemagne  l'Italie,  l'Australie  les  Etats-Unis,  Australie,  l'Égypte,  la  Tunisie  l'Algérie  en  Italie  En  France,  la  France  d'Italie,  en  France  en  Italie,  la  Libye";"Open  Arms,  les  ONG  les  ONG,  centaines  d'ONG  Des  ONG  pro-Migrants  ONG  “No  borders”  Save  The  Children,  Médecins  sans  frontières  Emergency  l'ONG  Sea  Watch  l'ONG  allemande  d'Iugend  Rettet,  ONG.  Sea  Watch  l'ONG  Mediterranean  Saving  Humans  ONG  pro-Migrants,  les  ONG)  ONG,  l'ONG";"migrants  aux  migrants  de  migrants  l'immigration  illégale  l'immigration:  les  migrants  clandestins  des  clandestins  les  migrants  des  migrants  des  migrants  de  migrants  aux  migrants  irréguliers  des  migrants  migrants  L'appel  d'air  migratoire  de  migrants  les  migrants  illégaux  les  migrants  migrants  (illégaux),  des";
615;4;2;4;4;5;8;;1;1;2;;"Eric  Zemmour  d’Eric  Eric  Zemmour  Zemmour  Zemmour,  qu’Eric  d’Eric  Zemmour  Zemmour,";"L’individu  son  agresseur,  Les  auteurs  d’agressions,  un  individu";"forces  de  l’ordre,  les  forces  de  l’ordre,  la  police  les  Le  parquet  de  Paris,";
640;5;1;7;217;111;;;2;2;;;"Le  gouvernement  secrétaire  d'État  auprès  du  ministre  de  l'Économie,  Le  ministre";"200  000  saisonniers,  venus  de  l'étranger,  travailleurs";;
645;2;1;9;1;5;;;2;2;;;"chibanis,  travailleurs  du  Maghreb  ces  immigrés,";"le  foyer  l’association  Ayyem  Zamen  foyer  Adoma";;
656;2;1;8;1;1;224;;2;1;1;;;"d’Abdoulaye  Camara,  les  migrants  morts  en  mer";"Guinée";
669;2;1;4;1;6;5;;2;2;1;;"les  diasporas  africaines";"l’islam  croyants,  Grande  Mosquée  de  Paris";"ce  directeur  de  pompes  funèbres  Jamal,";
720;5;1;1;5;1;;;2;2;;;"d’organisations  internationales  et  d’organisations  non  gouvernementales  (ONG).";"260  migrants.  [migrants]  migrants.  migrants,  migrants.";;
756;4;1;2;9;111;2;;2;1;1;;"Le  Parquet  PNAT,  national  le  Parquet  national  antiterroriste.  antiterroriste  (PNAT)  PNAT,  La  sous-direction  anti-terroriste  (SDAT)";"L’homme  l’auteur  présumé  de  l’attaque  un  jeune  Soudanais  L’homme  L’auteur  présumé  un  homme  L’auteur  présumé  L’individu  l’auteur  présumé,  deux  hommes  de  nationalité  soudanaise  un  homme  d’origine  soudanaise";"Marie-Hélène  Thoraval,  la  maire  de  la  commune.";
856;3;1;1;225;1;;;1;2;;;"Turquie.  Européens  Ankara  l'Union  européenne";"les  hordes  de  migrants  Syriens.  les  arrivées  de  migrants  migrants.";;
873;3;2;1;1;217;;;2;2;;;"50  MILLIONS  DE  MIGRANTS  déboutés  du  droit  d'asile,  des  clandestins,  l’immigration,  l'immigration,  L’immigration";"le  pouvoir  Macron  Macron";;
937;4;1;1;1;7;5;;2;2;2;;"Le  nouveau-né,  Le  nouveau-né,  sa  mère  Un  bébé  de  migrants  de  migrants  sa  mère  les  35  occupants  d'une  embarcation  une  autre  femme,  «un  bébé";"les  services  d'urgence  de  l'archipel  des  Canaries.  Des  personnels  de  santé  et  de  la  Croix-Rouge";"«le  service  de  sauvetage  en  mer";
968;5;1;9;5;1;;;1;2;;;"l’association";"des  migrants  sans-abri  les  familles  et  femmes  isolées";;
972;5;1;4;1;;;;1;;;;"une  pensionnaire.  Violette,  Kadidia,";;;
976;4;1;1;224;217;1;;1;2;2;;"Le  Royaume-Uni  Royaume-Uni  le  Royaume-Uni";"Le  Le  ministère  gouvernement  britannique  Le  ministère  de  l'Intérieur  la  ministre  de  l'Intérieur  Priti  Patel,";"cerveaux  des  «travailleurs  peu  ceux  qualifiés».  des  travailleurs  étrangers  les  «brillants»  cerveaux  des  «travailleurs  peu  qualifiés».  d'immigrés»,  les  «brillants»";
1076;3;1;1;1;111;;;2;1;;;"Le  camp  trentaine  de  réfugiés  centres  d’accueil  camp  de  Moria,  de  Moria  centre  de  réfugiés,  20.000  exilés";"refus  de  la  population  du  continent  d’accueillir  des  milliers  de  réfugiés.";;
1109;3;1;1;1;5;225;;1;1;1;;"180  migrants  secourus  en  mer";"l'ONG  espagnole  Aita  Mari  l'Alan  Kurdi,  organisation  humanitaire  allemande,  Sea  Eye.  Croix-Rouge";"Libye,  l'Italie  Malte";
1209;3;1;1;225;;;;1;;;;;;;
1239;5;1;2;1;4;;;1;2;;;"Réfugié  soudanais,  Abdallah  Ahmed-Osman,  Abdallah  Ahmed-Osman  Cet  homme";"l'AFP  Le  Dauphiné  Libéré.  l'AFP";;
1339;3;1;1;225;1;;;2;2;;;"Grèce  Bulgarie  Turquie.  Angela  Merkel  Emmanuel  Macron.  chancelière  Syrie  président  turc  Erdogan,  Erdogan  Merkel";"originaires  du  Moyen-Orient  ou  d’Asie  centrale  (Afghanistan,  l’assaut  des  frontières  européennes,  des  centaines  de  milliers  de  jeunes  musulmans  résidant  chez  lui,";;
1439;3;1;0;;;;;;;;;;;;
1539;3;1;0;;;;;;;;;;;;
1;1;;;;;;;;;;;;;;
1637;2;;;;;;;;;;;;;;
1638;2;;;;;;;;;;;;;;
1639;2;;;;;;;;;;;;;;
1640;2;;;;;;;;;;;;;;
1641;2;;;;;;;;;;;;;;
1642;2;;;;;;;;;;;;;;
1643;2;;;;;;;;;;;;;;
1644;2;;;;;;;;;;;;;;
1645;2;;;;;;;;;;;;;;
1646;2;;;;;;;;;;;;;;
1647;2;;;;;;;;;;;;;;
1648;2;;;;;;;;;;;;;;
1649;2;;;;;;;;;;;;;;
1650;2;;;;;;;;;;;;;;
1651;2;;;;;;;;;;;;;;
1652;2;;;;;;;;;;;;;;
1653;2;;;;;;;;;;;;;;
1654;2;;;;;;;;;;;;;;
1655;2;;;;;;;;;;;;;;
1656;2;;;;;;;;;;;;;;
1657;2;;;;;;;;;;;;;;
1658;2;;;;;;;;;;;;;;
1659;2;;;;;;;;;;;;;;
1660;2;;;;;;;;;;;;;;
1661;2;;;;;;;;;;;;;;
1662;2;;;;;;;;;;;;;;
1663;2;;;;;;;;;;;;;;
1664;2;;;;;;;;;;;;;;
1665;2;;;;;;;;;;;;;;
1666;2;;;;;;;;;;;;;;
1667;2;;;;;;;;;;;;;;
1668;2;;;;;;;;;;;;;;
1669;2;;;;;;;;;;;;;;
1670;2;;;;;;;;;;;;;;
1671;2;;;;;;;;;;;;;;
1672;2;;;;;;;;;;;;;;
1673;2;;;;;;;;;;;;;;
1674;2;;;;;;;;;;;;;;
1675;2;;;;;;;;;;;;;;
1676;2;;;;;;;;;;;;;;
1677;2;;;;;;;;;;;;;;
1678;2;;;;;;;;;;;;;;
1679;2;;;;;;;;;;;;;;
1680;2;;;;;;;;;;;;;;
1681;2;;;;;;;;;;;;;;
1682;2;;;;;;;;;;;;;;
1683;2;;;;;;;;;;;;;;
1684;2;;;;;;;;;;;;;;
1685;2;;;;;;;;;;;;;;
1686;2;;;;;;;;;;;;;;
1687;2;;;;;;;;;;;;;;
1688;2;;;;;;;;;;;;;;
1689;2;;;;;;;;;;;;;;
1690;2;;;;;;;;;;;;;;
1691;2;;;;;;;;;;;;;;
1692;2;;;;;;;;;;;;;;
1693;2;;;;;;;;;;;;;;
1694;2;;;;;;;;;;;;;;
1695;2;;;;;;;;;;;;;;
1696;2;;;;;;;;;;;;;;
1697;2;;;;;;;;;;;;;;
1698;2;;;;;;;;;;;;;;
1699;2;;;;;;;;;;;;;;
1700;2;;;;;;;;;;;;;;
1701;2;;;;;;;;;;;;;;
1702;2;;;;;;;;;;;;;;
1703;2;;;;;;;;;;;;;;
1704;2;;;;;;;;;;;;;;
1705;2;;;;;;;;;;;;;;
1706;2;;;;;;;;;;;;;;
1707;2;;;;;;;;;;;;;;
1708;2;;;;;;;;;;;;;;
1709;2;;;;;;;;;;;;;;
1710;2;;;;;;;;;;;;;;
1711;2;;;;;;;;;;;;;;
1712;2;;;;;;;;;;;;;;
1713;2;;;;;;;;;;;;;;
1714;2;;;;;;;;;;;;;;
1715;2;;;;;;;;;;;;;;
1716;2;;;;;;;;;;;;;;
1717;2;;;;;;;;;;;;;;
1718;2;;;;;;;;;;;;;;
1719;2;;;;;;;;;;;;;;
1720;2;;;;;;;;;;;;;;
1721;2;;;;;;;;;;;;;;
1722;2;;;;;;;;;;;;;;
1723;2;;;;;;;;;;;;;;
1724;2;;;;;;;;;;;;;;
1725;2;;;;;;;;;;;;;;
1726;2;;;;;;;;;;;;;;
1727;2;;;;;;;;;;;;;;
1728;2;;;;;;;;;;;;;;
1729;2;;;;;;;;;;;;;;
1730;2;;;;;;;;;;;;;;
1731;2;;;;;;;;;;;;;;
1732;2;;;;;;;;;;;;;;
1733;2;;;;;;;;;;;;;;
1734;2;;;;;;;;;;;;;;
1735;2;;;;;;;;;;;;;;
1736;2;;;;;;;;;;;;;;
1737;2;;;;;;;;;;;;;;
1738;2;;;;;;;;;;;;;;
1739;1;;;;;;;;;;;;;;
1751;2;;;;;;;;;;;;;;
1753;2;;;;;;;;;;;;;;
1754;2;;;;;;;;;;;;;;
1765;2;;;;;;;;;;;;;;
1784;2;;;;;;;;;;;;;;
1787;4;1;0;;;;;;;;;;;;
1808;4;1;0;;;;;;;;;;;;
1844;4;1;0;;;;;;;;;;;;
1852;2;1;0;;;;;;;;;;;;
1858;2;1;0;;;;;;;;;;;;
1874;4;1;0;;;;;;;;;;;;
1879;4;1;0;;;;;;;;;;;;
1885;4;1;0;;;;;;;;;;;;
1909;2;1;0;;;;;;;;;;;;
1909;4;1;0;;;;;;;;;;;;
1931;2;1;0;;;;;;;;;;;;
1937;2;2;2;1;4;217;;1;1;2;;"Youssef,  migrant  afghan  migrant  afghan  d’implanter  en  France.";"médias.  Zemmour";"dirigeants,  Macron  collabos";
1946;2;;;;;;;;;;;;;;
1964;4;1;0;;;;;;;;;;;;
1978;2;;;;;;;;;;;;;;
1981;2;;;;;;;;;;;;;;
2009;2;;;;;;;;;;;;;;
2012;2;;;;;;;;;;;;;;
2037;2;2;2;6;1;214;;1;2;2;;"une  pourriture  musulmane,";"flux  migratoires  masse  immigrée,";"Mélenchon  Roussel  Jadot  Faure,  Martinez  Besancenot";
2094;2;;;;;;;;;;;;;;
2098;2;2;4;217;3;1;;1;2;2;;"Macron";"les  Français";"métissée  populations  sauvages,  Grand  Remplacement  sauvages  africains";
2198;4;2;7;223;224;1;;2;1;2;;"L’Europe,";"le  pays,  d’un  pays.  du  pays  la  France.  la  Nation,  la  France,  la  France  l’État  Le  pays,";"qu’une  cinquantaine  de  mineurs  africains  les  clandestins.  des  populations  qui  refusent  de  s’intégrer,  Submersion  migratoire,  Un  envahisseur  les  mineurs  étrangers  non  accompagnés  l’immigration  des  migrants  l’immigration  l’immigration  ces  mineurs  étrangers  isolés  des  mineurs  isolés  étrangers  des  garçons  pour  la  plupart  d’Afrique  subsaharienne.  leurs  norias  migratoires";
2207;4;2;0;;;;;;;;;;;;
2307;2;2;4;217;1;5;;1;2;1;;"Choupinet";"les  Comoriens  réfugiés";"Philippe  Juvin.";
2313;2;;;;;;;;;;;;;;
2322;2;;;;;;;;;;;;;;
2323;2;;;;;;;;;;;;;;
2324;2;;;;;;;;;;;;;;
2326;2;;;;;;;;;;;;;;
2337;2;;;;;;;;;;;;;;
2352;2;;;;;;;;;;;;;;
2354;2;;;;;;;;;;;;;;
2355;2;;;;;;;;;;;;;;
2356;2;;;;;;;;;;;;;;
2360;2;;;;;;;;;;;;;;
2364;2;;;;;;;;;;;;;;
2391;2;2;4;217;3;1;;2;2;2;;"gouvernement  garde  nationale,  République.";"citoyens";"vermine  personnes  non  membres  de  l’Union  européenne,  pays  d’origine.";
2411;2;;;;;;;;;;;;;;
2421;2;2;9;217;221;1;;2;1;2;;"Macron,  et  son  gouvernement,";"clone  de  Staline  qui  mène  la  CGT  L’espèce  d’immigrationniste  vénal  et  d’islamophile  communautarisé  qui  prétend  se  réclamer  de  l’insoumission  française";"les  migrants  mineurs  demandeurs  d’asile";
2446;2;2;9;225;217;3;;1;2;2;;"ministre  régional  allemand,  Thomas  Schaefer,";"ministères,  secrétariats  d’État,  Présidence…  de  France.";"Gaulois";
2495;2;2;4;4;1;3;;1;2;2;;"Libé";"Pauvres  immigrés,  descendants  d’immigrés,";"pieds-noirs,  Français  la  France";
2548;4;2;1;111;225;223;;1;1;2;;"affreux  Pakis  Le  gars  ces";"Macron-Merkel  Erdogan  Erdogan  Bachar  Erdogan  Erdogan  Le  porte-parole  du  gouvernement  grec  Le  gouvernement  grec  qu’Erdogan";"les  ONG  les  ONG";
2588;4;2;5;2;224;99;;1;1;2;;"Jack  Peillon,  (Peillon,  Lang  Belkacem  et  ses  Jack  Lang  pareils,  les  Blanquer,  Belkacem  les  Blanquer  ces  traîtres";"en  France  en  France  en  France  la  France  en  France,  en  France,  notre  pays,  en  France,  leur  propre  pays  en  France  la  France,  la  France.";"l’arabe  l’arabe  l’arabe  enseigné  Arabic  language,  l’arabe  parlé  l’arabe  arabe  arabe,  dialectal.  L’arabe  l’arabe  qui  serait  l’arabe,  enseigné  l’arabe  l’arabe  du  leur  Coran,  langue  l’arabe  la  langue  arabe  l’arabe…  l’arabe  obligatoire,  L’arabe  l’arabe  l’arabe,  l’arabe  la  langue  arabe  l’arabe  imposé  la  langue  arabe,  la  langue  arabe…  l’arabe  seconde  langue  l’esperanto  coranique  L’idiome  du  Coran  sa  langue,  l’arabe  l’arabe  l’arabe  arabe…  l’arabe  l’arabe  l’arabe.  l’arabe  l’arabe  l’arabe";
2662;2;2;2;4;2;6;;1;2;2;;"Rioufol  Ivan";"arrogants  au  pouvoir  un  Président  des  plus  médiocres,  Bruno  Le  Maire.  Claude  Malhuret,  Les  traîtres,  Jacques  Attali.  élite";"Mohammed  mosquées  salafistes.  délit  de  blasphème,  multiculturalisme  l’immigré  africain  fanatisé,";
2675;2;2;4;6;217;9;;2;2;2;;"la  charia.";"gouvernements";"les  professionnel-le-s  du  droit  Dalloz";
2692;4;2;2;217;8;1;;2;2;2;;"Sarkozy,  Macron  nos  élites  bien-pensantes  chef  de  guerre  notre  le  pouvoir.  Président  Macron  Macron  le  pouvoir  politique,  François  Hollande,  Macron";"les  policiers,  nos  policiers  aux  effectifs  policiers.  les  policiers  des  services  de  police,  Les  policiers  la  police.  les  policiers  les  forces  de  l’ordre.  nos  forces  de  l’ordre  nos  policiers  Nos  policiers,  quatre  policiers  flics  l’IGPN  les  policiers  nos  policiers  l’IGPN";"cette  racaille  les  imams,  la  racaille  Le  virus  islamique  la  grande  invasion  venue  du  Sud,  Italiens,  Espagnols,  Portugais  les  immigrés.  l’immigration  extra-européenne,  des  racailles,  mineures  500  000  immigrés  réguliers  et  clandestins.  les  étrangers  les  malfrats  d’origine  immigrée.  Deux  détenus  sur  trois  sont  musulmans";
2711;2;;;;;;;;;;;;;;
2716;2;;;;;;;;;;;;;;
2725;2;;;;;;;;;;;;;;
2726;2;;;;;;;;;;;;;;
2731;2;;;;;;;;;;;;;;
2774;2;2;2;4;217;1;;2;2;2;;"officines  de  ré-information  Le  Monde";"sommet  de  l’État,  1er  flic  de  France";"banlieues  islamisées  musulman  isolé,  ces  étrangers  faux  Français…  gentils  mahométans";
2790;2;;;;;;;;;;;;;;
2794;2;2;9;8;223;1;4;2;1;2;1;"les  pandores  Christophe  Castagne,  policiers";"la  Hidalgo";"migrants  l’immigration  illégale,";"BFM  WC"
2799;2;;;;;;;;;;;;;;
2823;4;2;1;6;217;1;;1;2;2;;"(Le  Père  Le  Père  Maurice  Joyeux,  Maurice  Le  Père  Joyeux  qu’il  Joyeux,  il  il  P.  Joyeux  il  Le  Père  Joyeux  P.  Joyeux  Le  Père  Joyeux,  Il  Il";"«  ils  »  la  clique  au  pouvoir.  Macron  en  tête,  «  Ils  »";"150  migrants.  tous  les  sans-papiers.  des  réfugiés,  de  racaille  des  migrants,  ces  migrants  de  migrants  les  réfugiés  des  migrants  des  migrants,  60  000  migrants  ces  envahisseurs  improductifs  et  inintégrables  44  migrants  aux  migrants,";
2859;2;2;2;5;1;;;1;2;;;"Médecins  sans  frontières,";"migrants.  migrants  migrants  l’immigration  illégale";;
2871;2;2;9;217;6;4;;2;2;1;;"le  gouvernement  chef  de  l’État,  magouilleurs,";"musulmans,  musulman.  immigration  forcenée";"Ruth  Elkrief,  Alain  Duhamel,  Apolline  de  Malherbe,  Pascal  Praud";
2875;2;;;;;;;;;;;;;;
2879;2;;;;;;;;;;;;;;
2881;2;;;;;;;;;;;;;;
2885;2;;;;;;;;;;;;;;
2887;2;;;;;;;;;;;;;;
2890;2;;;;;;;;;;;;;;
2891;2;;;;;;;;;;;;;;
2895;2;;;;;;;;;;;;;;
2896;2;;;;;;;;;;;;;;
2897;2;;;;;;;;;;;;;;
2900;2;;;;;;;;;;;;;;
2903;2;;;;;;;;;;;;;;
2925;4;2;1;4;1;2;;2;2;2;;"https://www.huffingtonpost.fr/entry/face-au-coronavirus-la-reponse-de-la-suede-affecte-surtout-ses-minorites_fr_5e9088c2c5b6d641a6bdffe9  https://www.thestar.com.my/news/regional/2020/04/12/wet-markets-in-china039s-wuhan-reopens-to-people-after-covid-19?fbclid=IwAR00Hnuc5Nx5fMULgcZdHGYzV9hNKP2tSEBSejqgPz5geH20_c4cAXwDCxI  https://www.nicematin.com/index.php/faits-divers/un-compagnon-migrant-de-chez-emmaus-roya-heliporte-apres-un-accident-de-motoculteur-a-breil-sur-roya-494740  https://www.lejdd.fr/Politique/info-jdd-coronavirus-104-parlementaires-demandent-a-edouard-philippe-la-regularisation-des-sans-papiers-3961456  https://www.lejdd.fr/Politique/coronavirus-emmanuel-macron-veut-encore-serrer-la-vis-3961388  https://www.breizh-info.com/2020/04/13/141225/nicolas-dupont-aignan-nous-sommes-la-risee-du-monde-avec-ce-gouvernement/  https://www.youtube.com/watch?time_continue=343&v=II51tKyv_5s&feature=emb_logo  https://www.lejdd.fr/Politique/sondage-coronavirus-la-defiance-sinstalle-contre-le-gouvernement-3961352http://  https://www.franceinter.fr/societe/william-dab-plus-on-retarde-le-travail-de-terrain-plus-il-va-falloir-prolonger-le-confinementhttp://  https://www.lalibre.be/planete/sante/la-mise-en-garde-du-virolgoque-steven-van-gucht-si-nous-devenons-plus-laxistes-maintenant-nous-en-verrons-les-effets-dans-deux-semaines-5e9311e0d8ad581631f701e0http://  https://www.europe-israel.org/2020/04/coronavirus-on-sattend-a-un-nuremberg-pour-juger-les-responsables-les-ministres-et-prefets-communiquent-oralement-pour-laisser-moins-de-traces-ecrites-par-peur-des-poursuites-judiciaires-vi/  précédents…https://www.ledauphine.com/sante/2020/04/11/grippe-de-1968-un-million-de-morts-dans-l-indifference-generale  https://www.bvoltaire.fr/consequences-economiques-disproportionnees-du-coronavirus-sur-un-systeme-deja-en-faillite/  https://www.bvoltaire.fr/en-depit-de-castaner-mandelieu-imposera-le-port-du-masque/?  https://www.lyonmag.com/article/106919/rillieux-la-pape-une-vingtaine-de-jeunes-seme-la-pagaille-et-attend-la-police-avec-des-projectileshttp://  https://www.jeanmarcmorandini.com/article-421759-exclu-coup-de-gueule-en-direct-d-un-pharmacien-et-d-un-medecin-des-masques-on-peut-en-avoir-autant-qu-on-veut-pour-le-public-mais-on-nous-l-interdit-video.html?fbclid=IwAR2uzfe4Vvly_4k9iiWzabwVK491l1urxeE6dkWWbm1KDQsRwtMJj4h7h1Y  https://www.dna.fr/faits-divers-justice/2020/04/12/strasbourg-teste-positif-au-covid-19-apres-avoir-crache-sur-trois-personnes?utm_source=kwanko&utm_medium=contextual%20targeting&utm_campaign=GENERIQUE&utm_content=462219  https://www.20minutes.fr/faits_divers/2759483-20200412-bordeaux-quatre-jeunes-soupconnes-cambriolages-serie-pharmacies  https://www.jeanmarcmorandini.com/article-421594-coronavirus-la-police-surprend-un-barbecue-geant-avec-plus-d-une-vingtaine-de-personnes-organise-en-plein-confinement-malgre-l-interdiction-de-reunion.html  https://francais.rt.com/france/73990-coronavirus-messe-pascale-se-tient-eglisesaint-nicolas-du-chardonnet-pretre-verbalise  http://www.fdesouche.com/1362243-une-messe-de-paques-clandestine-a-eu-lieu-cette-nuit-en-plein-centre-de-paris-a-saint-nicolas-du-chardonnet  https://francais.rt.com/international/73983-question-vie-ou-mort-vers-confinement-fin-annee-pour-les-seniors  https://www.observalgerie.com/vols-du-11-au-18-avril-air-france-rapatrie-les-francais-bloques-en-algerie/2020/  https://www.dhnet.be/actu/faits/un-jeune-homme-renverse-par-une-voiture-de-police-a-anderlecht-est-decede-5e9167d27b50a6162b1aafd3?fbclid=IwAR0un9c6RSnN1oIn-xsRYIZCcxaj-jB-DWgnrMzRWlJOyDAsAIauE5nNB2g  https://www.bbc.com/news/world-europe-52263969";"des  réfugiés  les  sans-papiers  migrants  demandeurs  d’asile  invasion  migratoire  massive,  un  Malien  «  en  situation  irrégulière  ».  les  ingénieurs  clandestins.";"Dupont-Aignan  Des  préfets,  des  ministres,  des  responsables-coupables  Marisol  Touraine,  Choupinet  le  maire  LR  de  Mandelieu  Castaner.  aux  élus  locaux";
2964;2;2;1;1;111;223;;2;2;2;;"migrant  réfugiés";"les  Grecs  agriculteurs";"la  France  et  aux  membres  de  l’UE";
2964;4;2;1;111;1;224;;2;2;1;;"agriculteurs,  éleveurs,  chasseurs  pêcheurs  ils  Ils  L’un  des  courageux  gardiens  pêche  les  Grecs  le  maire  ses  concitoyens  le  maire  adjoint  de  la  commune,  Les  Kizialis,  agriculteurs  60  ans,  agriculteur  de  Poros,  les  citoyens";"l’invasion«  qu’un  migrant  les  migrants:  la  crise  migratoire  de  2015,  la  submersion  migratoire  de  milliers  de  réfugiés  7.000  tentatives  d’entrées  illégales  24  migrants  de  milliers  de  migrants  une  submersion  migratoire  de  migrants  Des  migrants  les  migrants  des  réfugiés";"la  Grèce.  la  Turquie.  Athènes  en  Grèce.  la  Grèce  de  Turquie.  La  Turquie  la  Grèce.  la  Turquie  le  territoire  grec.  Ankara  la  Grèce  Grèce.";
2975;2;1;1;1;1;111;;1;2;2;;;"Un  migrant  Le  flux  migratoire  iranien,  migrants  et  réfugiés  en  Europe.  dizaines  de  milliers  de  demandeurs  d'asile";"grec  la  Grèce  l'île  grecque  de  Lesbos,";
2988;2;1;2;1;1;9;;1;1;2;;;"Deux  suspects  d'un  migrant  «Deux  mis  en  cause,  nationalité  irakienne";"le  procureur  un  juge";
3030;4;1;2;1;8;1;;1;2;2;;;"de  source  policière.  la  même  source.  la  police,";"Un  Yéménite  du  flux  migratoire  19.000  personnes  de  migrants  et  réfugiés  du  flux  migratoire  de  migrants.  la  victime";
3044;2;1;1;1;8;1;;1;2;2;;;"police  police.  police  belge";"Huit  migrants  migrants  réseaux  de  trafiquants";
3056;2;1;4;1;223;5;;1;2;1;;"1436  personnes";"police  de  Paris  préfecture  de  la  région  Ile-de-France";"membre  de  Solidarité  migrants  serveur  au  café  Esquirol,";
3111;2;1;2;1;225;;;2;1;;;"migrants,";"vice-ministre  de  la  défense  hongrois";;
3156;2;1;2;1;1;5;;1;1;2;;;"Deux  Érythréens  d'un  jeune  Soudanais";"l'association  «Terre  d'errance»,  aucune  association  ne  s'est  portée  partie  civile.";
3221;2;1;1;111;1;225;;2;2;1;;"habitants  des  îles  grecques  lourdement  impactées";"milliers  de  migrants  migrants";"ministère  de  l'Intérieur,  gouvernement  conservateur  Kyriakos  Mitsotakis.";
3256;4;1;2;111;225;1;8;2;2;2;2;"de  Lesbos  des  groupes  et  de  personnes  de  Deux  femmes  Chios  Autorités  locales  et  habitants  Des  habitants  Habitants  et  autorités  locales  des  centaines  d'habitants";"Le  gouvernement  Le  gouvernement  le  gouvernement  le  gouvernement";"(de  demandeurs  d'asile)  38.000  migrants  7.000  personnes  des  milliers  de  demandeurs  d'asile.  des  milliers  de  migrants  les  migrants  les  demandeurs  d'asile,";"source  policière.  des  forces  antiémeutes,  un  millier  de  policiers  des  forces  antiémeutes  une"
3342;4;1;2;1;1;8;;1;2;2;;;"Un  réfugié  de  migrants  10.000  migrants  les  migrants";"des  forces  de  sécurité  grecques  les  autorités  grecques.";
3442;4;1;99;5;99;211;;1;2;1;;"le  patron,  L’homme  Daniel  Mineo  qu’il";"de  touristes  200.000  personnes";"le  maire  (Les  Républicains,  LR)  Jean-Claude  Guibal,";
3454;2;1;7;1;5;223;;1;1;2;;"jeune  homme,  mineur  et  de  nationalité  comorienne,";"Stéphane  Caron.  le  recteur,  Emmanuel  Ethis.  le  directeur  de  cabinet  du  recteur,  Stéphane  Caron.";"ministère  de  l’éducation  nationale  ministère  du  travail.";
3520;2;1;1;1;9;;;1;1;;;"les  dix  protagonistes  du  réseau  d’immigration  clandestine  de  la  «  route  des  Alpes  »,";"tribunal  correctionnel  de  Le  Lyon  tribunal";;
3534;2;1;1;1;225;223;;2;1;2;;"migrants.  migrants";"d’Angela  Merkel";"l’Europe  l’Union  européenne  l’UE  l’UE,";
3578;4;1;1;111;223;224;;2;2;1;;"les  demandeurs  d’asile.  de  réfugiés  des  demandeurs  d’asile.  réfugiés  Les  réfugiés  des  migrants  les  réfugiés.  les  réfugiés.  les  personnes  arrivées  400  migrants  une  minorité  des  personnes  qui  franchissent  la  frontière  120  mineurs  non  accompagnés  huit  femmes  afghanes  avec  leurs  enfants  personnes  brinquebalées  Deux  mille  trois  cents  personnes  cinq  mille  personnes  Quarante-deux  mille  demandeurs  d’asile";"L’UE  Europe  L’Europe  l’UE  l’Union";"la  Grèce  Athènes  les  îles.  la  Grèce.  En  Grèce,  En  Grèce,  la  Grèce  les  îles  de  la  mer  Egée.  cinq  îles";
3608;4;1;1;1;1;224;;2;1;1;;;"2  698  migrants  irréguliers  du  bébé  d’une  migrante  africaine  Cette  dernière  43  personnes,  dont  cinq  mineurs,  17  Seize  décès  trois  personnes  la  mère  du  bébé  une  autre  femme  enceinte  et  un  garçon  de  12  ans  un  adolescent  Le  garçon  Son  cadavre,  migrants  un  adolescent  les  étrangers  cette  mort  les  personnes  Le  drame  nombreux  migrants  ceux  qui  ne  seront  pas  reconnus  réfugiés.  300  demandeurs  d’asile  soudanais  1  400  Soudanais  ces  populations  vulnérables  les  migrants  migrants  africains,";"les  Canaries  l’île  de  Lanzarote,  en  France.  au  Niger,  d’Agadez,  en  Libye.  des  Etats-Unis  l’Espagne,  Gibraltar  les  Canaries,";
3617;2;1;1;225;1;223;5;1;2;2;1;"maréchal  Khalifa  Haftar,  Libye";"migrants.  2  300  personnes  Les  uns  les  autres";"l’Union  européenne  les  Européens.";"Médecins  sans  frontières  Michaël  Neuman  bateaux  de  sauvetage  des  ONG,"
3622;2;1;1;1;5;223;;1;1;2;;"migrants,  bateau.  quatre  embarcations";"l’ONG  allemande  Sea-Watch  L’ONG  d’organisations  non  gouvernementales";"L’Europe  Frontex,  Frontex";
3658;2;1;1;1;223;225;;2;2;1;;"million  de  personnes  migrants  réfugiés";"l’Europe  l’Union  européenne";"Turquie  Erdogan  Recep  Tayyip  Erdogan  Ankara";
3742;4;1;1;1;223;224;;2;2;1;;"aux  1  000  1  jeunes  500  enfants  migrants.  d’enfants  ou  d’enfants  non  accompagnés  et  âgés  de  moins  de  14  pour  la  plupart  des  filles  5  424  enfants  ces  enfants  les  enfants  1  aux  migrants  500  enfants  d’un  million  d’entre  eux  migrants  des  migrants  les  migrants  1  700  d’entre  eux  des  mineurs,  38  000  déjà  présents  les  migrants  la  question  migratoire  d’un  million  de  personnes  déplacées.  de  ces  enfants";"l’Union  européenne  la  Commission  européenne  les  Etats  membres  l’Union  européenne  en  Europe  l’Europe  l’Union  européenne,  l’UE  l’Union  européenne";"la  Grèce  du  pays,  en  Grèce  en  Grèce  en  Grèce  les  la  Grèce  îles  grecques.  les  îles  grecques,  la  Grèce";
3785;4;1;1;224;1;5;;1;2;1;;"Croatie,  Espagne,  France,  Grèce,  Italie,  Malte,  Suisse  Royaume-Uni  Croatie,  Bosnie-Herzégovine  Malte,  libyennes  Suisse,  la  Grèce  France,  Turquie,  Grèce,";"des  migrants.  illégaux  trois  adolescents  demandeurs  d’asile  une  centaine  d’autres  personnes  irréguliers  d’étrangers…  trois  jeunes  Erythréennes  de  migrants  personne  étrangère  situation  irrégulière,  les  demandeurs  d’asile.";"deux  associations  un  pasteur,  Pierre-Alain  Mannoni  Pierre-Alain  Mannoni  Sarah  Mardini,  Sean  Binder,  Tous  deux  bénévoles  pour  une  ONG  Amnesty.  L’ONG  Rym  Khadhraoui,";
3796;2;1;1;223;225;1;;2;2;2;;"l’Union  européenne  Commission  européenne  Conseil  Parlement  européen";"Athènes  premier  ministre  grec  Kyriakos  Mitsotakis  Athènes,";"migrants  migrants  migrants";
3813;4;1;9;1;223;5;;2;1;2;;"les  une  centaine  de  migrants,  migrants,  un  migrant.  les  migrants";"La  préfecture";"De  nombreuses  associations";
3819;4;1;8;1;3;225;;2;2;1;;"les  populations  exilées,  ""50  millions  de  population  étrangère  de  migrants  les  migrants  la  migration,  ""2,5  millions  de  migrants  150  000  ""arrivées  clandestines"".  8  ou  9  millions  de  personnes  ""millions  et  de  millions""  de  migrants";"la  population  active  en  Europe  notre  population  leurs  enfants  les  générations  à  venir"",  la  population  Les  citoyens  européens";"José  Luis  Escriva,  Ylva  Johansson,  Ylva  Johansson.";
3919;4;1;1;1;224;5;;2;1;2;;"223  candidats  à  l'émigration  irrégulière,  94  Africains  Les  candidats  à  l'immigration  clandestine  des  migrants,  les  candidats  les  migrants  des  migrants  de  passages  frontaliers  illégaux  1100  personnes  20  Tunisiens  11  passagers  six  autres";"Tunisie.  L'Italie,  l'Italie  la";"des  ONG  les  ONG.";
3945;2;1;1;1;225;223;;2;2;2;;"l'émigration  irrégulière,  94  Africains  subsahariens,  Les  candidats  à  l'immigration  clandestine";"Tunisie.  Garde  nationale  Moez  Triaa,  porte-parole  de  la  Protection  civile  tunisienne.  plongeurs  de  la  Protection  civile  gardes-côtes  tunisiens.";"L'Italie,  Europe.  d'Europe  Frontex.";
3971;4;1;1;1;224;5;;2;2;1;;"ces  rescapés  des  personnes  secourues  en  Méditerranée  centrale"".  d'autres  rescapés  425  migrants  ces  rescapés";"les  Etats  européens  ""Les  Etats  européens  les  Etats,  Malte  l'Italie  le  gouvernement  maltais"".  les  Etats  membres  de  l'Union  européenne,";"L'association  SOS  SOS  Mediterranée,  Méditerranée  l'ONG,  SOS  Méditerranée  SOS  Méditerranée";
3979;2;;;;;;;;;;;;;;
3983;2;;;;;;;;;;;;;;
3987;2;;;;;;;;;;;;;;
4047;2;;;;;;;;;;;;;;
4048;2;;;;;;;;;;;;;;
4059;2;;;;;;;;;;;;;;
4071;4;1;1;1;225;224;;2;1;1;;"les  corps  ces  réfugiés  17  corps  Le  capitaine  de  l'embarcation,  un  Tunisien  Ces  migrants  Cinquante-deux  53  personnes  recensées  un  seul  passager  personnes  Tous  les  autres";"un  responsable  tunisien  de  la  Santé.";"la  Tunisie,  l'Italie,";
4093;4;1;7;1;224;225;;2;1;2;;"600  000  immigrants  clandestins,  200  000  citoyens  non  européens,  des  migrants  les  migrants  un  immigrant  les  migrants  irréguliers  20  000  migrants  des  migrants  aux  migrants  illégaux";"L’Italie  l’Italie  les  côtes  libyennes  l’Italie  la  Libye,  L’Italie  l’Italie  Roumanie  Pologne";"La  ministre  italienne  de  l’Agriculture  Teresa  Bellanova  le  maire  de  Bergame,  Giorgio  Gori,  Teresa  Bellanova  Une  partie  du  Mouvement  5  étoiles  Le  gouvernement  La  Ligue  du  Nord  Matteo  Salvini";
4104;2;1;1;1;223;224;;2;2;2;;"80  millions  de  personnes  déracinée.  déplacées  réfugiées";"Haut-Commissariat  aux  réfugiés  Haut-Commissariat  aux  Réfugiés  de  l’ONU  HCR,";"tous  les  pays  à  travers  le  monde";
4114;4;1;1;223;1;5;;2;2;1;;"la  préfecture  de  l'Essonne  et  de  ses  agents  la  préfecture  de  l'Essonne,  la  préfecture  La  préfecture  la  préfecture""  la  préfecture.  la  préfecture  de  l'Essonne  et  de  ses  agents""  la  préfecture.  ""Les  services  préfectoraux  la  préfecture  de  l'Essonne  des  préfectures  et  de  ses  agents.""  la  préfecture  d'Evry.";"""aux  usagers  des  demandeurs  des  étrangers  les  personnes  qui  demandent  des  titres  de  séjour.  aux  migrants  aux  réfugiés  et  aux  demandeurs  d'asile  aux  étrangers  sollicitant  un  titre  de  séjour";"Alexandre  Moreau,  Lise  Faron,  L'internaute";
4167;2;2;99;223;1;5;;1;2;1;;"Sidi  Lallement  préfet  Lallement";"ils  leurs  chers  cadavres  bled«  pauvres  immigrés  leurs  rites  et  coutumes";"professeur  Raoult.  Raoult,";
4173;2;;;;;;;;;;;;;;
4177;2;;;;;;;;;;;;;;
4180;2;;;;;;;;;;;;;;
4198;2;;;;;;;;;;;;;;
4229;4;2;99;217;224;2;;2;1;1;;"du  gouvernement  Emmanuel  Macron.  Choupinet  Choupinet  Emmanuel  Macron  Le  Drian  Castaner,  Belloubête  gouvernement";"d’Égypte,  d’Afrique  du  Nord  d’Espagne.  Allemagne,  La  France  la  France  en  Chine  royaume  Franc";"chaque  élu,  chaque  préfet,  d’Hidalgo.  qu’un  préfet  qu’un  maire  Kouchner  Marine  Dupont-Aignan  un  maire";
4257;2;2;1;1;3;223;;2;2;2;;"immigration  massive  migration";"en  Europe,  population  blanche  population  active";"L’ONU  l’UE  l’ONU  l’UE,";
4356;4;2;1;1;224;3;223;2;1;2;2;"les  migrants  les  réfugiés,  ces  migrants,  Ces  migrants  les  étrangers  ces  gens  les  réfugiés";"Grèce  la  Turquie  la  Turquie,  la  Russie,  les  Etats-Unis,  le  Qatar,  L’Arabie  Saoudite  la";"les  Européens,  des  européens  une  population  européenne  de  500  millions";"l’Europe  l’Europe  Europe"
4456;2;1;1;223;224;1;;2;2;2;;"l'opération  Poséidon  Frontex";"Grèce),  la  Grèce";"migrants  l’afflux  massif  de  migrants  des  migrations";
4467;2;2;7;224;3;;;2;2;;;"les  États";"une  population  de  chômeurs  et  précaires  vieillissement  généralisé  chômeurs-précaires.";;
4480;2;2;2;225;223;1;;2;2;2;;"le  régime  islamiste  autoritaire  d’Erdogan  Le  régime  Erdogan";"États  de  l’Orient.  Bruxelles,  l’OTAN  l’Union  Européenne  traité  de  l’Atlantique  Nord,";"vague  migratoire  camps  de  réfugiés  réfugiés  syriens  135  000  migrants,";
4495;2;2;1;225;223;1;;1;2;2;;"le  néo-sultan  d’Ankara,  Ankara";"les  Européens  États  de  l’Union  européenne  l'Union  l’Union  européenne  européenne";"hordes  de  migrants  migrants  migrants.";
4512;2;2;1;1;225;223;;2;1;2;;"réfugiés.  crise  migratoire  flot  de  migrants  migrants";"Recep  Tayyip  Erdogan  Erdogan  sultan  néo-ottoman  d’Ankara.";"eldorado  européen.  l’Union  européenne  les  Européens  l’Europe.";
4527;2;2;2;225;6;1;;2;2;2;;"la  Libye  deux  autorités  rivales";"milices  islamistes  groupes  islamistes";"pourrait  conduire  à  une  nouvelle  crise  migratoire  crise  migratoire  l’immigration  clandestine  en  provenance  de  Libye.";
4535;2;1;2;217;111;225;;1;1;1;;"French  motivations  Sarkozy’s";"Libya  North  Africa,c.  CommitteeLibya";"Qaddafi’s  Hillary  Clinton,";
4543;2;2;1;225;223;1;;1;2;2;;"Recep  Tayyip  Erdogan";"Bruxelles  l’Union  européenne";"réfugiés  migrants";
4555;2;2;11;3;4;217;;2;1;2;;"Français  Français  Français";"TF1,  France  2  BFM  TV  L’AFP,  Sweet  FM,  l’AFP,";"sous  contrôle  influence  gauchiste  soupe  gouvernementale,  bouillie  progressiste.  d’État,";
4591;2;;;;;;;;;;;;;;
4599;2;2;2;8;1;3;;2;2;2;;"la  sécurité  Un  gendarme  forces  de  l’ordre";"Kanaks  ivres.  quartiers  perdus  par  la  République  les  migrants.  ce  Soudanais  à  Romans-sur-Isère";"Vous  les  Français  notre  vie  jeune  joggeuse  vieil  homme";
4626;4;2;0;;;;;;;;;;;;
4642;4;2;7;224;224;223;;1;2;2;;;"République  tchèque  Chine  l’Italie,  la  Chine,  la  Russie  Cuba  l’Italie.  La  Russie  l’Italia,  La  Chine  la  Russie  l’Italie,  l’Italie  l’Italie  l’Italie  l’Italie  l’Italie  l’Italie  l’Italie,  la  France,  L’Italie,  la  France,  l’Italie  des  États-Unis,  la  Chine  la  Russie  Washington  Rome  la  Russie,  Rome  Italie  L’Allemagne";"L’Union  européenne  l’Union  l’Union  européenne  l’Europe,  l’UE,  l’UE";
4696;4;2;7;223;225;224;;2;1;1;;"le  Parlement  européen.  La  Commission  d’enquête  la  Cour  des  comptes  fédérale  la  BRH,  l’Europe.  l’UE  la  commission  européenne  Bruxelles,";"Ursula  von  Elle  der  UvdL  Leyen  Ursula  von  der  Leyen  cette  jocrisse  candidate  allemande  La  présidente-au-sourire-mécanique  madame  VDL  UvdL";"la  Turquie  Turquie  Turquie  Ankara,  Turquie.  Ankara,";
4742;4;2;2;1;3;7;;2;2;1;;"des  ressortissants  étrangers.  immigration  des  violeurs  d’origine  maghrébine  ou  subsaharienne.  les  étrangers  d’étrangers  la  proportion  d’étrangers  les  adolescents  éduqués  dans  des  familles  (originaires  de  pays)  du  Sahel  des  familles  maghrébines,  les  jeunes  d’origine  maghrébine  Les  jeunes  d’origine  étrangère  des  étrangers,  Les  Africains  d’origine  des  mineurs  jugés  ont  un  père  né  à  l’étranger  des  immigrés  descendants  d’immigrés  d’ascendance  extra-européenne  des  détenus  avaient  un  père  né  à  l’étranger  Les  hommes  nés  à  l’étranger  les  étrangers  14  964  ressortissants  étrangers";"population  française,  les  Français,  les  adolescents  élevés  dans  des  familles  autochtones  les  Français  autochtones  les  enfants  de  cadres  supérieurs  la";"Patrice  Huerre  le  sociologue  Hugues  Lagrange  M.  Sebastian  Roché  des  chercheurs  du  CNRS,  de  Roché,  Farhad  Khosrokhavar  Khostokhavar";
4826;2;2;2;1;3;217;;2;2;1;;"khoranysme  Syrien)  Fdp  (Français  de  papier)  Fdp,";"Francais  les  Français  Fds  (Français  de  souche)  la  France  du  Grand  Meaulnes,";"insécurité  politique  macron-muzz-friendly,";
4838;2;2;2;1;217;8;;1;2;2;;"Bassam  Ayachi  qui  criaient  Allahu  akbar";"autorités  gouvernementales";"forces  de  l’ordre.  Les  commissariats  policiers";
4858;4;2;8;224;5;1;;1;2;2;;"la  France  la  France  la  France  la  France  La  France  la  France  la  France.  la  France";"l’agriculture  française.  Nos  paysans  les  agriculteurs  qu’un  petit  paysan  nos  agriculteurs  450  000  agriculteurs.  L’agriculture  française  d’un  agriculteur  Les  paysans  de  milliers  d’agriculteurs  français.  la  profession  Le  monde  paysan,  bon  nombre  d’agriculteurs,  Certains  paysans  un  agriculteur,  un  éleveur  le  monde  paysan,";"un  sans-papiers  50  000  mineurs  isolés  300  000  sans-papiers  les  demandeurs  d’asile  des  migrants  migrant)";
4879;4;2;2;225;223;1;;1;2;2;;"du  sultan  d’Istanbul  d’Erdogan  Erdogan  Erdogan  Erdogan";"L’Union  européenne  L’Union  européenne,  l’Europe,";"front  migratoire.  les  armées  de  migrants  3  millions  de  réfugiés.  les  réfugiés,  de  migrants.  submersion  migratoire  le";
4897;4;1;4;1;3;224;99;2;2;1;2;"des  parents  est  de  nationalité  étrangère  hors  Union  européenne  un  des  parents  est  né  hors  de  l’UE  les  deux  parents  sont  nés  hors  de  l’UE,  d’individus  d’origine  extra-européenne  les  étrangers  l’immigration  Les  Maghrébins,  les  Orientaux  les  Noirs  des  immigrés  des  immigrés  6,5  millions  d’immigrés  aux  extra-Européens,  8,657  millions  d’immigrés  d’individus  d’origine  extra-européenne  mère  immigrée,";"Des  Français  des  Français,  des  Français  de  souche.  des  Français  de  papier,  le  peuple  français,  la  population.  la  population.  la  population.";"en  France  qu’en  France  En  Île-de-France,  France  en  France  la  France  la  France,  le  territoire  français,  la  France.  la  France  la  France  en  France  en  France,  en  France.  en  France  les  départements  (Île-de-France,  départements  très  peuplés  du  Sud-Est  de  la  France,";"Le  Grand  Remplacement  un  remplacement,  le  Grand  Remplacement  Le  Grand  Remplacement  du  Grand  Remplacement  de  Grand  Remplacement,"
551;1;1;6;213;;;;1;;;;"toute";;;
551;2;1;2;1;8;5;;2;2;1;;"jeunesse  issue  d’une  immigration  subsaharienne";"police,  syndicat  Unité  SGP  Police  FO.  les  policiers  la  police";"qu’un  jeune,  circulant  à  scooter,";
615;2;2;2;222;1;214;;1;2;2;;"d’Eric  Zemmour,  qu’Eric  Zemmour,";"l’immigration  et  l’islam.  l’africanisation  l’islamisation";"indigénistes  socialistes,  communistes  insoumis,";
3030;2;1;2;1;1;225;;1;2;2;;;"Un  Yéménite  flux  migratoire";"la  Grèce";
3115;2;1;1;99;;;;99;;;;;;;
3256;2;1;2;1;111;8;;2;2;2;;"les  migrants";"de  Lesbos  et  de  Chios  d'habitants";"forces  antiémeutes,  forces  antiémeutes";
3819;2;1;1;225;1;223;;1;2;2;;"L'Espagne,  José  Luis  Escriva,  ministre  espagnol";"migrations,  migrants";"Commissaire  européenne  l'OCDE";
